,Gender,Age,Acc,CR,Ptime,S_anx1,S_anx2,S_anx3,EBB3,R_tea,Inattention,LC,AC,WE,PL
Tea_ttt1_Control,1,14,2,2,7,1,1,1,1,4,11,13,4,3,3
Tra_ttt1_DN,1,15,2,2,5,3,2,3,3,7,10,13,6,6,6
Tea_ttt2_Control,1,14,2,2,3,2,1,1,1,4,9,13,4,6,3
Tea_ttt3_Control,2,14,1,2,3,2,2,1,2,4,7,7,5,6,3
Tra_ttt2_DN,1,15,2,2,9,2,1,1,1,3,10,25,11,6,13
Tea_ttt4_Control,1,16,2,2,5,2,2,1,1,5,4,12,5,4,5
Tea_ttt5_Control,1,13,1,1,1,1,1,1,1,7,3,7,4,3,3
Tea_ttt6_Control,2,16,2,2,3,2,1,1,1,4,5,16,4,4,11
Tra_ttt3_DN,2,15,2,2,10,3,1,1,1,6,15,21,4,6,13
Tra_ttt4_DN,2,16,2,1,10,3,1,1,1,7,12,16,4,12,3
Tea_ttt7_Control,2,14,1,1,1,2,2,1,1,4,5,8,4,9,3
Tea_ttt8_Control,1,15,2,1,4,2,1,1,1,5,7,12,10,9,6
Tra_ttt5_DN,1,16,2,2,6,5,5,5,1,6,16,34,18,15,14
Tra_ttt6_DN,1,14,1,1,2,2,1,1,1,3,11,10,4,3,3
Tea_ttt9_Control,1,13,1,1,2,2,1,1,1,6,7,17,4,6,8
Tea_ttt10_Control,2,15,2,2,5,1,1,1,1,6,3,11,5,6,3
Tra_ttt7_DN,2,13,1,1,2,5,5,5,1,1,17,7,4,3,3
Tra_ttt8_DN,2,15,2,1,6,2,1,1,1,3,17,26,7,6,15
Tea_ttt11_Control,1,13,1,1,1,1,1,1,1,6,2,7,4,4,6
Tea_ttt12_Control,2,14,1,1,1,1,1,1,1,6,8,11,5,6,3
Tra_ttt9_DN,2,14,2,2,5,2,1,1,2,6,8,26,14,6,13
Tea_ttt13_Control,1,14,2,2,3,2,1,1,2,5,5,19,4,12,7
Tra_ttt10_DN,1,16,2,2,10,2,1,1,2,3,8,21,13,12,10
Tea_ttt14_Control,2,14,1,1,0,1,1,1,1,7,0,7,4,4,4
Tea_ttt15_Control,2,15,2,2,2,2,1,1,1,5,9,12,4,3,8
Tra_ttt11_DN,2,17,2,2,2,4,4,4,1,6,23,20,11,11,7
Tea_ttt16_Control,1,14,2,1,1,1,1,1,1,6,4,12,5,3,3
Tea_ttt17_Control,1,14,1,1,4,1,1,1,1,6,5,9,5,4,3
Tea_ttt18_Control,1,13,1,1,1,1,1,1,1,5,3,11,4,6,5
Tea_ttt19_Control,2,16,2,2,2,1,1,1,1,4,3,11,4,3,5
Tea_ttt20_Control,2,14,1,1,3,5,2,1,3,5,9,10,4,14,8
Tra_ttt12_DN,1,16,2,2,10,1,1,1,1,5,5,10,4,4,4
Tra_ttt13_DN,1,15,2,2,1,5,4,3,1,4,8,23,16,6,11
Tra_ttt14_DN,2,14,1,1,1,2,2,2,1,4,14,12,7,7,4
Tra_ttt15_DN,2,13,1,1,2,1,1,1,1,5,11,13,4,8,3
Tea_ttt21_Control,2,15,2,2,4,3,1,1,1,5,7,14,7,5,6
Tra_ttt16_DN,2,16,2,2,3,2,3,2,1,4,12,11,5,6,8
Tra_ttt17_DN,2,16,2,2,2,2,1,1,1,6,5,11,6,6,6
Tea_ttt22_Control,1,16,2,1,5,1,1,1,1,5,7,15,4,4,9
Tra_ttt18_DN,1,15,2,2,9,5,2,1,5,5,14,21,14,15,13
Tea_ttt23_Control,2,15,2,2,2,2,1,1,1,6,4,8,4,5,3
Tra_ttt19_DN,1,16,2,2,10,2,1,1,1,4,7,24,5,13,8
Tea_ttt24_Control,2,15,2,2,4,1,1,1,1,7,5,19,11,11,7
Tra_ttt20_DN,2,17,2,2,2,2,1,2,1,5,6,16,4,7,4
Tra_ttt21_DN,1,17,2,1,5,1,2,1,1,5,9,17,8,4,5
Tea_ttt25_Control,2,17,2,2,2,1,1,1,1,6,5,7,4,3,3
Tra_ttt22_DN,1,16,2,2,4,1,1,1,1,4,8,35,6,15,11
Tea_ttt26_Control,2,15,2,2,6,1,1,1,1,6,10,17,7,7,6
Tea_ttt27_Control,2,14,1,1,2,2,2,2,1,6,11,9,12,14,7
Tra_ttt23_DN,2,16,2,2,3,4,2,2,1,4,13,23,14,10,9
Tea_ttt28_Control,1,13,1,2,2,1,1,1,1,5,1,7,4,3,3
Tra_ttt24_DN,1,16,2,2,8,1,1,1,1,4,10,18,8,9,7
Tra_ttt25_DN,1,13,2,2,9,5,5,1,1,5,1,26,20,15,15
Tra_ttt26_DN,1,16,2,1,6,1,1,1,1,5,11,11,4,4,7
Tra_ttt27_DN,1,16,2,1,5,3,1,1,1,4,6,13,12,3,5
Tea_ttt29_Control,1,13,1,1,0,1,1,1,1,7,0,7,4,3,3
Tra_ttt28_DN,2,15,2,1,10,5,5,5,1,4,9,7,4,3,3
Tra_ttt29_DN,1,14,2,2,3,3,2,1,1,5,7,14,8,14,4
Tra_ttt30_DN,1,14,1,1,10,2,2,2,3,5,0,21,12,9,9
Tea_ttt30_Control,1,14,1,1,1,1,1,1,1,5,4,7,4,3,3
Tea_ttt31_Control,2,13,1,2,5,1,1,1,1,6,3,9,4,6,4
Tra_ttt31_DN,2,14,1,1,2,5,2,2,1,5,11,20,7,5,13
Tra_ttt32_DN,1,17,2,2,10,3,1,2,1,6,11,19,12,12,15
Tra_ttt33_DN,1,16,2,1,10,2,1,1,1,4,10,18,6,8,8
Tra_ttt34_DN,1,16,2,1,10,1,2,1,1,6,3,10,4,12,3
Tra_ttt35_DN,2,16,2,2,6,2,1,1,1,4,9,12,5,11,5
Tea_ttt32_Control,2,16,2,2,10,3,1,2,1,5,4,21,5,4,8
Tra_ttt36_DN,2,15,2,2,1,5,5,5,1,4,9,7,4,3,3
Tea_ttt33_Control,2,15,2,2,1,5,1,1,1,6,6,11,4,3,5
Tra_ttt37_DN,2,16,2,2,5,3,1,1,1,4,10,17,5,10,7
Tea_ttt34_Control,2,13,1,1,2,1,1,1,1,6,2,10,4,4,4
Tea_ttt35_Control,1,13,1,1,2,2,1,1,1,6,5,9,4,5,3
Tra_ttt38_DN,2,15,2,1,4,5,5,4,1,4,11,10,7,10,3
Tea_ttt36_Control,2,14,1,1,2,3,1,2,1,4,14,23,10,7,8
Tra_ttt39_DN,2,16,2,1,10,2,2,2,2,5,5,15,12,8,7
Tea_ttt37_Control,2,15,2,2,10,4,2,1,1,6,13,24,9,12,8
Tra_ttt40_DN,1,14,1,2,6,2,1,1,1,4,13,19,4,5,5
Tra_ttt41_DN,1,16,2,2,10,3,2,1,1,5,12,21,7,4,6
Tra_ttt42_DN,2,16,2,2,10,3,1,1,1,5,9,22,5,6,7
Tea_ttt38_Control,2,12,1,1,1,1,1,1,1,6,3,13,4,3,6
Tea_ttt39_Control,1,15,2,2,4,2,1,1,1,4,6,9,7,9,7
Tea_ttt40_Control,2,15,2,1,4,2,1,1,1,5,6,9,5,3,3
Tra_ttt43_DN,1,15,2,2,10,2,1,1,1,4,6,23,14,9,13
Tea_ttt41_Control,2,16,2,2,4,2,1,1,1,4,3,8,4,6,4
Tea_ttt42_Control,1,13,1,1,2,1,1,1,1,5,2,9,4,4,3
Tea_ttt43_Control,2,13,1,1,1,1,1,1,1,7,6,7,5,6,3
Tea_ttt44_Control,2,16,2,2,4,1,1,1,1,6,4,10,5,8,3
Tea_ttt45_Control,1,15,2,2,9,2,2,2,2,4,9,13,8,6,6
Tea_ttt46_Control,1,15,2,2,1,2,2,3,2,4,14,21,12,8,10
Tea_ttt47_Control,2,16,2,2,6,2,1,1,1,4,5,9,5,4,4
Tra_ttt44_DN,2,16,2,2,6,5,5,5,2,4,7,13,8,12,6
Tra_ttt45_DN,2,16,2,2,10,3,1,1,1,4,13,13,4,4,6
Tea_ttt48_Control,2,16,2,2,2,1,1,1,1,4,5,10,4,4,4
Tra_ttt46_DN,2,15,2,2,4,3,1,1,1,6,4,11,4,6,7
Tea_ttt49_Control,1,13,1,1,2,1,2,1,1,7,2,12,10,13,5
Tea_ttt50_Control,1,14,1,1,2,1,1,1,1,5,4,11,4,4,6
Tea_ttt51_Control,2,15,2,2,2,1,1,1,1,6,4,10,5,8,5
Tra_ttt47_DN,1,12,1,2,8,2,1,1,1,5,14,11,6,7,6
Tea_ttt52_Control,2,13,2,2,2,1,1,1,1,7,5,9,5,3,3
Tra_ttt48_DN,1,15,2,2,10,4,2,3,3,5,25,15,9,7,7
Tea_ttt53_Control,2,15,2,2,5,2,1,1,1,5,2,15,4,3,3
Tea_ttt54_Control,1,16,2,2,3,1,1,1,1,7,5,13,8,13,6
Tra_ttt49_DN,1,16,2,2,7,4,2,2,1,6,20,22,8,7,13
Tea_ttt55_Control,2,13,2,2,1,1,1,1,1,5,3,7,4,4,3
Tea_ttt56_Control,1,16,2,1,5,1,1,1,1,6,2,8,4,3,6
Tra_ttt50_DN,2,16,2,1,6,5,5,5,1,4,23,35,8,15,9
Tea_ttt57_Control,2,15,2,2,4,2,1,1,1,4,9,7,4,3,9
Tra_ttt51_DN,1,13,1,2,3,3,2,3,2,4,8,24,10,12,10
Tea_ttt58_Control,1,15,2,2,1,1,1,1,1,6,0,7,4,4,3
Tra_ttt52_DN,2,13,1,2,2,2,1,2,1,4,10,9,8,9,6
Tea_ttt59_Control,1,16,2,2,4,1,1,1,1,6,10,11,5,3,3
Tea_ttt60_Control,1,14,2,1,3,1,1,1,1,5,1,9,4,15,3
Tra_ttt53_DN,1,13,1,1,2,5,5,2,3,4,5,10,4,3,6
Tra_ttt54_DN,2,16,2,1,10,5,4,5,1,4,12,23,14,11,10
Tea_ttt61_Control,2,15,2,2,4,2,1,1,1,4,12,19,9,6,11
Tra_ttt55_DN,2,16,2,2,1,5,5,2,2,4,12,11,4,4,6
Tea_ttt62_Control,2,16,2,2,6,1,1,1,1,4,6,19,8,10,4
Tea_ttt63_Control,2,16,2,2,5,2,1,1,1,4,6,10,6,8,5
Tea_ttt64_Control,2,16,2,2,2,1,1,1,1,5,9,11,6,12,3
Tea_ttt65_Control,1,12,1,1,1,1,1,1,1,5,1,7,4,3,3
Tea_ttt66_Control,1,14,1,1,6,1,1,1,5,5,0,19,10,6,6
Tra_ttt56_DN,2,15,2,2,5,1,1,1,1,4,5,11,4,5,5
Tea_ttt67_Control,1,15,2,2,10,2,1,1,1,6,8,17,6,10,5
Tea_ttt68_Control,2,15,2,2,5,2,2,1,1,4,7,17,4,5,6
Tra_ttt57_DN,2,13,2,2,10,5,3,1,3,4,11,20,14,9,9
Tra_ttt58_DN,2,13,1,1,2,5,1,1,1,4,5,31,4,7,7
Tea_ttt69_Control,1,15,2,2,5,2,1,1,1,5,4,12,5,8,5
Tra_ttt59_DN,2,15,2,2,8,5,2,1,1,4,4,21,6,15,7
Tra_ttt60_DN,2,13,2,2,2,5,5,5,1,6,7,11,12,15,10
Tea_ttt70_Control,1,14,1,1,0,1,1,1,1,6,1,7,4,4,4
Tra_ttt61_DN,1,16,2,1,6,1,1,1,2,4,13,21,7,6,10
Tea_ttt71_Control,2,16,2,2,5,1,1,1,1,5,4,7,4,3,3
Tea_ttt72_Control,1,14,2,2,2,1,1,1,1,5,5,9,5,3,3
Tea_ttt73_Control,2,13,1,2,3,1,1,1,1,5,6,11,5,6,3
Tra_ttt62_DN,2,16,2,2,9,4,2,2,3,4,8,12,8,13,6
Tra_ttt63_DN,2,15,2,2,5,2,1,1,1,4,8,15,6,9,6
Tea_ttt74_Control,2,13,1,1,2,5,2,1,1,5,3,13,4,9,3
Tra_ttt64_DN,2,16,2,2,10,5,5,5,1,4,19,27,20,9,15
Tea_ttt75_Control,1,13,1,1,2,1,2,1,3,6,4,11,6,8,5
Tra_ttt65_DN,1,14,2,2,9,1,1,1,1,5,11,13,4,8,7
Tea_ttt76_Control,1,16,2,2,2,1,1,1,1,4,1,7,4,5,4
Tra_ttt66_DN,1,16,2,2,8,4,1,1,1,4,17,20,9,15,12
Tra_ttt67_DN,2,15,2,2,6,4,1,2,1,4,3,14,4,5,10
Tea_ttt77_Control,1,16,2,1,10,5,2,4,1,5,0,7,4,3,3
Tra_ttt68_DN,2,13,1,1,1,2,5,1,4,4,16,26,12,15,13
Tea_ttt78_Control,1,13,2,1,1,1,1,1,1,3,3,7,4,3,3
Tea_ttt79_Control,2,16,2,2,8,1,2,1,1,6,3,8,7,4,3
Tea_ttt80_Control,2,16,2,2,4,1,1,1,1,6,2,7,4,5,3
Tea_ttt81_Control,1,13,1,1,1,5,5,1,2,5,8,13,10,6,6
Tra_ttt69_DN,2,14,2,2,8,2,1,1,3,3,8,24,12,7,9
Tra_ttt70_DN,1,16,2,2,4,2,1,1,1,2,6,15,5,7,4
Tra_ttt71_DN,1,13,2,2,2,1,1,1,5,4,5,9,6,7,10
Tra_ttt72_DN,1,15,2,2,7,5,5,5,1,5,1,7,4,9,3
Tea_ttt82_Control,2,14,2,2,2,2,1,1,1,4,11,11,9,11,3
Tra_ttt73_DN,2,15,2,2,8,5,2,2,1,5,18,28,16,7,15
Tra_ttt74_DN,2,15,2,2,6,3,1,2,1,4,15,26,12,15,14
Tra_ttt75_DN,1,15,2,2,7,5,5,3,1,4,24,18,11,15,5
Tra_ttt76_DN,2,12,1,2,10,5,5,5,1,1,27,7,4,3,3
Tea_ttt83_Control,1,14,1,1,3,2,1,1,1,4,8,10,6,7,5
Tea_ttt84_Control,2,13,1,1,2,1,1,1,1,6,5,8,4,5,3
Tra_ttt77_DN,2,16,2,2,2,4,2,2,1,6,11,29,16,8,10
Tea_ttt85_Control,1,14,1,1,2,2,1,1,1,5,3,13,6,5,6
Tra_ttt78_DN,2,15,2,2,10,2,2,2,1,4,10,13,6,14,3
Tra_ttt79_DN,1,16,2,2,10,5,5,5,1,4,18,16,4,3,6
Tra_ttt80_DN,1,16,2,2,4,5,5,5,1,3,6,19,14,13,4
Tea_ttt86_Control,1,13,1,1,3,1,1,1,1,7,2,9,4,4,3
Tea_ttt87_Control,1,15,2,2,10,1,1,1,1,7,10,15,8,6,4
Tra_ttt81_DN,1,16,2,2,3,1,1,1,1,4,5,15,6,6,5
Tea_ttt88_Control,1,14,1,1,1,1,1,1,1,7,3,12,4,4,5
Tra_ttt82_DN,2,13,1,1,2,1,1,1,1,5,12,10,4,4,6
Tea_ttt89_Control,1,16,2,2,10,1,1,1,1,4,7,15,14,12,10
Tea_ttt90_Control,1,16,2,2,6,1,1,1,1,4,2,8,4,3,5
Tea_ttt91_Control,1,13,1,1,0,1,1,1,1,6,3,7,4,3,3
Tra_ttt83_DN,2,14,1,1,3,1,1,1,1,5,4,18,8,11,12
Tea_ttt92_Control,2,16,2,2,4,1,1,1,1,4,1,8,4,4,4
Tra_ttt84_DN,2,16,2,2,4,3,1,2,5,4,4,21,14,11,7
Tea_ttt93_Control,2,13,1,1,1,2,1,1,1,5,2,12,4,7,7
Tea_ttt94_Control,1,13,1,1,2,5,2,1,1,5,4,7,4,3,3
Tea_ttt95_Control,1,13,1,1,5,1,1,1,1,7,6,7,8,7,3
Tea_ttt96_Control,2,14,1,1,2,2,1,1,1,7,0,9,7,12,4
Tra_ttt85_DN,1,16,2,2,3,3,2,1,2,4,17,17,10,10,12
Tea_ttt97_Control,2,14,1,1,4,3,2,2,2,7,6,20,6,7,7
Tra_ttt86_DN,2,16,2,2,3,5,2,2,1,4,7,19,4,7,5
Tea_ttt98_Control,1,16,2,1,5,1,1,1,1,7,5,9,8,4,4
Tea_ttt99_Control,1,17,2,2,1,2,2,2,1,5,1,7,4,5,3
Tra_ttt87_DN,1,15,2,2,7,5,5,5,5,5,5,11,20,15,3
Tea_ttt100_Control,1,14,1,2,3,3,1,1,1,4,4,21,12,5,6
Tra_ttt88_DN,2,14,2,1,2,5,5,1,2,3,8,22,6,12,5
Tra_ttt89_DN,2,17,2,2,4,2,1,1,1,5,9,10,8,12,4
Tea_ttt101_Control,2,16,2,2,2,3,2,2,1,4,7,16,15,9,9
Tra_ttt90_DN,2,15,2,2,8,3,3,1,1,7,20,23,14,15,8
Tea_ttt102_Control,1,15,2,2,10,2,1,1,1,4,3,16,13,7,9
Tra_ttt91_DN,1,16,2,2,8,2,1,1,1,6,5,22,7,15,7
Tra_ttt92_DN,2,16,2,2,5,5,5,5,1,4,21,22,8,7,13
Tra_ttt93_DN,2,16,2,1,10,4,3,1,1,5,10,18,5,6,12
Tra_ttt94_DN,1,15,2,2,10,1,1,1,1,6,8,29,4,7,11
Tra_ttt95_DN,2,15,2,2,6,4,1,1,1,7,9,21,7,9,4
Tra_ttt96_DN,2,16,2,2,5,2,1,2,1,4,7,13,5,6,5
Tea_ttt103_Control,2,15,2,2,10,2,2,2,1,4,6,13,4,3,4
Tea_ttt104_Control,2,13,1,1,1,1,1,1,1,5,5,15,6,15,3
Tra_ttt97_DN,1,14,2,2,6,5,2,1,1,4,9,17,6,15,6
Tea_ttt105_Control,2,13,1,1,1,2,1,1,1,6,7,14,8,12,5
Tra_ttt98_DN,1,15,2,2,5,3,1,1,1,5,6,21,5,9,4
Tea_ttt106_Control,2,15,2,2,3,2,1,1,1,5,3,9,4,6,4
Tra_ttt99_DN,2,16,2,2,7,2,1,2,1,5,9,16,11,9,7
Tea_ttt107_Control,2,13,1,1,2,2,2,1,1,5,9,13,5,12,4
Tea_ttt108_Control,2,13,1,1,3,2,1,1,1,4,6,12,8,6,5
Tea_ttt109_Control,1,15,2,2,1,5,2,1,1,6,0,7,4,3,3
Tra_ttt100_DN,1,16,2,2,3,5,1,5,2,4,19,18,10,6,9
Tra_ttt101_DN,1,15,2,2,10,4,3,3,1,5,13,7,6,5,5
Tra_ttt102_DN,1,15,2,1,4,2,1,1,1,4,8,15,5,5,9
Tea_ttt110_Control,1,15,2,2,10,2,1,1,1,5,5,21,6,5,8
Tea_ttt111_Control,1,13,2,1,4,2,1,2,1,4,6,7,4,3,3
Tra_ttt103_DN,2,16,2,2,5,3,1,1,1,4,10,18,8,10,8
Tea_ttt112_Control,1,13,1,1,1,1,1,1,1,6,3,7,4,3,3
Tra_ttt104_DN,1,16,2,2,10,2,2,2,1,7,27,27,20,15,15
Tea_ttt113_Control,2,13,1,1,1,2,1,1,1,7,3,10,4,3,5
Tra_ttt105_DN,1,14,2,2,6,4,4,2,4,5,11,28,16,12,12
Tea_ttt114_Control,2,14,1,2,2,1,1,1,1,4,5,10,5,8,4
Tea_ttt115_Control,2,15,2,2,3,2,1,1,2,6,3,11,10,6,7
Tra_ttt106_DN,2,16,2,1,5,2,2,2,1,4,9,12,8,4,7
Tra_ttt107_DN,2,13,1,1,2,3,1,2,1,4,9,17,11,15,9
Tea_ttt116_Control,1,14,1,1,3,1,1,1,1,4,9,15,6,4,4
Tra_ttt108_DN,2,16,2,2,6,2,1,1,1,4,14,17,7,11,9
Tra_ttt109_DN,1,15,2,2,4,2,1,2,1,6,9,8,6,4,4
Tra_ttt110_DN,2,15,2,2,8,3,2,2,1,5,3,11,12,9,4
Tra_ttt111_DN,2,15,2,2,10,3,2,3,1,4,7,15,7,14,5
Tea_ttt117_Control,1,14,1,1,1,2,1,1,1,5,7,12,5,5,7
Tra_ttt112_DN,1,15,2,2,4,2,2,1,2,4,12,19,8,10,11
Tea_ttt118_Control,1,13,1,1,4,3,3,1,4,4,9,21,10,8,7
Tra_ttt113_DN,1,16,2,2,1,5,5,5,1,1,1,7,4,3,3
Tea_ttt119_Control,1,16,2,1,4,2,2,1,1,5,6,9,12,14,4
Tea_ttt120_Control,1,14,1,1,1,1,1,1,1,5,3,8,4,10,3
Tra_ttt114_DN,2,15,2,2,10,5,2,3,1,5,10,17,12,9,14
Tea_ttt121_Control,2,14,2,2,6,1,1,1,1,4,5,14,6,4,3
Tra_ttt115_DN,2,15,2,2,8,5,5,5,1,6,19,21,18,15,4
Tra_ttt116_DN,2,15,2,2,10,2,1,2,1,5,11,10,4,5,5
Tra_ttt117_DN,1,15,2,1,4,2,2,2,1,4,12,13,7,7,9
Tea_ttt122_Control,1,14,2,2,10,3,2,3,3,4,8,18,9,8,7
Tra_ttt118_DN,1,15,2,2,4,2,1,1,3,6,6,13,4,3,4
Tra_ttt119_DN,2,14,2,2,10,5,1,1,1,4,10,16,9,10,4
Tea_ttt123_Control,2,16,2,2,1,1,1,1,1,4,4,17,7,5,8
Tra_ttt120_DN,1,14,2,1,1,1,1,1,1,7,4,18,12,13,6
Tra_ttt121_DN,2,15,2,2,5,2,1,1,1,4,9,15,4,8,5
Tra_ttt122_DN,2,15,2,2,8,1,2,1,5,4,9,27,10,15,7
Tea_ttt124_Control,1,16,2,2,4,1,1,1,2,6,7,14,8,9,5
Tea_ttt125_Control,2,13,1,1,4,2,2,1,1,5,6,20,16,15,6
Tra_ttt123_DN,1,16,2,2,5,2,2,2,3,6,8,23,10,6,5
Tra_ttt124_DN,2,16,2,2,5,3,2,1,1,6,9,11,6,6,5
Tea_ttt126_Control,1,16,2,2,6,2,1,1,1,4,12,9,4,9,3
Tra_ttt125_DN,1,17,2,1,10,1,1,1,1,5,13,22,7,15,8
Tea_ttt127_Control,1,13,1,1,1,1,1,1,1,5,2,14,4,7,3
Tea_ttt128_Control,1,13,2,2,2,1,1,1,2,5,5,14,4,6,4
Tea_ttt129_Control,1,16,2,2,3,1,1,1,5,5,14,7,7,6,8
Tea_ttt130_Control,1,16,2,2,3,2,2,1,1,5,8,8,4,6,7
Tra_ttt126_DN,2,16,2,2,2,2,2,1,1,5,1,8,6,12,3
Tra_ttt127_DN,2,16,2,2,8,1,2,5,2,6,20,23,15,15,14
Tra_ttt128_DN,1,15,2,1,10,1,1,2,1,2,3,19,10,7,10
Tra_ttt129_DN,1,16,2,1,5,2,1,1,1,5,9,12,5,7,5
Tea_ttt131_Control,2,15,2,2,3,5,5,1,1,6,3,19,9,3,5
Tea_ttt132_Control,1,15,2,2,3,2,1,1,1,4,5,16,7,5,6
Tea_ttt133_Control,1,15,2,2,1,1,1,1,1,7,1,7,4,3,3
Tea_ttt134_Control,2,16,2,2,4,2,1,1,1,6,9,7,4,3,3
Tea_ttt135_Control,1,14,2,2,1,5,1,1,1,7,10,7,4,3,3
Tra_ttt130_DN,1,16,2,2,8,2,2,1,1,6,8,17,11,9,5
Tea_ttt136_Control,1,16,2,2,9,1,2,2,2,6,3,14,8,6,6
Tra_ttt131_DN,2,13,2,2,7,3,1,2,1,6,10,19,6,8,7
Tra_ttt132_DN,1,15,2,2,10,5,3,3,1,6,16,30,18,15,10
Tra_ttt133_DN,2,16,2,2,10,5,3,1,2,4,18,27,19,15,15
Tra_ttt134_DN,1,15,2,2,4,5,2,2,2,4,18,25,9,6,10
Tra_ttt135_DN,2,15,2,2,4,2,1,2,1,4,4,18,8,15,5
Tra_ttt136_DN,1,15,2,1,10,5,5,1,1,3,17,24,18,15,15
Tra_ttt137_DN,2,17,2,2,6,2,1,1,1,6,6,16,4,7,5
Tra_ttt138_DN,2,16,2,2,10,5,3,5,1,4,22,23,20,15,7
Tra_ttt139_DN,2,16,2,2,5,2,1,2,1,5,4,14,7,11,3
Tea_ttt137_Control,1,13,1,1,10,1,1,1,1,5,4,14,4,3,6
Tea_ttt138_Control,1,14,1,2,1,4,2,2,1,5,12,10,10,10,4
Tra_ttt140_DN,1,16,2,2,10,1,1,1,1,4,17,35,4,11,15
Tea_ttt139_Control,2,14,1,1,2,1,1,1,1,4,4,9,4,8,5
Tea_ttt140_Control,1,16,2,1,5,1,1,1,1,4,10,10,4,4,5
Tea_ttt141_Control,2,14,2,2,3,2,1,1,1,6,4,18,6,7,7
Tra_ttt141_DN,1,15,2,2,2,1,1,1,1,5,5,7,4,3,3
Tea_ttt142_Control,2,14,1,1,2,1,1,1,1,6,7,16,6,6,6
Tea_ttt143_Control,1,16,2,2,6,1,1,1,1,5,7,10,11,15,3
Tea_ttt144_Control,1,12,1,1,2,1,1,1,1,6,2,7,4,6,3
Tra_ttt142_DN,2,16,2,2,6,4,3,2,1,4,5,20,5,7,5
Tra_ttt143_DN,2,16,2,1,10,2,2,5,5,5,27,35,20,15,11
Tra_ttt144_DN,2,16,2,2,10,2,1,2,1,4,9,21,15,12,11
Tea_ttt145_Control,1,13,2,2,1,1,1,1,2,3,3,8,6,4,3
Tra_ttt145_DN,2,16,2,2,4,2,2,1,1,5,8,11,11,10,6
Tea_ttt146_Control,1,14,1,1,2,2,1,1,1,6,3,7,4,5,3
Tra_ttt146_DN,1,15,2,2,5,4,4,4,4,5,16,22,12,10,10
Tra_ttt147_DN,1,16,2,1,8,2,5,5,1,5,6,14,8,7,7
Tea_ttt147_Control,2,15,2,2,4,1,1,1,1,6,2,7,4,5,4
Tea_ttt148_Control,2,16,2,2,6,1,1,1,1,6,5,10,4,5,6
Tra_ttt148_DN,2,16,2,2,10,5,2,1,1,6,22,7,4,3,3
Tea_ttt149_Control,2,13,1,1,1,1,1,1,1,6,2,7,4,3,3
Tea_ttt150_Control,1,13,1,1,1,1,1,1,2,5,17,15,4,10,8
Tea_ttt151_Control,2,14,1,1,3,2,1,1,1,1,4,11,9,13,5
Tea_ttt152_Control,2,13,2,2,6,2,1,1,2,6,5,18,4,5,5
Tea_ttt153_Control,1,16,2,2,3,2,1,1,1,4,8,15,4,8,3
Tra_ttt149_DN,1,12,1,1,2,3,2,2,1,4,14,23,10,15,9
Tea_ttt154_Control,1,15,2,2,10,1,1,1,1,6,6,19,6,8,10
Tra_ttt150_DN,1,17,2,2,6,2,1,1,2,4,20,21,6,9,11
Tra_ttt151_DN,1,16,2,2,8,2,2,2,2,4,12,14,8,6,6
Tea_ttt155_Control,1,15,2,2,3,1,1,1,1,6,1,11,4,3,8
Tra_ttt152_DN,1,15,2,2,1,5,4,4,1,4,13,8,4,7,3
Tra_ttt153_DN,2,12,1,1,8,1,1,1,1,4,12,23,9,11,10
Tea_ttt156_Control,2,16,2,2,4,2,2,1,1,6,6,13,4,12,3
Tea_ttt157_Control,1,14,2,2,3,1,1,1,1,6,8,18,5,10,6
Tea_ttt158_Control,2,15,2,2,1,2,3,3,1,5,9,8,4,6,5
Tea_ttt159_Control,1,16,2,2,5,1,1,1,1,6,11,17,9,6,5
Tea_ttt160_Control,1,16,2,2,8,1,1,1,3,5,10,20,9,9,6
Tea_ttt161_Control,1,13,1,1,2,1,1,2,1,5,2,14,12,4,5
Tra_ttt154_DN,2,15,2,2,4,4,3,2,2,4,8,21,6,11,8
Tra_ttt155_DN,1,14,2,2,10,5,5,5,1,4,6,28,20,15,3
Tra_ttt156_DN,2,15,2,2,3,3,2,2,1,4,6,13,7,8,7
Tea_ttt162_Control,1,15,2,2,3,2,1,1,1,5,3,22,4,8,7
Tra_ttt157_DN,1,15,2,2,7,2,2,1,2,5,7,17,6,7,6
Tra_ttt158_DN,2,14,1,1,2,5,3,5,1,3,11,21,9,5,7
Tra_ttt159_DN,1,12,1,1,1,1,1,1,2,4,17,30,7,15,9
Tra_ttt160_DN,1,16,2,2,3,5,5,1,1,5,4,10,6,15,3
Tea_ttt163_Control,2,14,1,1,1,1,1,1,1,4,3,20,5,7,4
Tea_ttt164_Control,2,13,1,1,4,2,1,1,1,4,5,9,6,9,3
Tea_ttt165_Control,2,13,1,1,1,1,1,1,1,7,8,7,5,4,4
Tra_ttt161_DN,1,15,2,2,6,3,1,1,1,5,12,16,9,5,10
Tra_ttt162_DN,2,14,2,2,4,3,2,1,1,6,10,26,19,15,11
Tra_ttt163_DN,1,14,2,2,8,2,1,1,1,4,7,14,5,6,6
Tra_ttt164_DN,2,15,2,2,1,3,1,1,1,5,5,25,7,6,11
Tea_ttt166_Control,1,14,1,1,1,1,1,1,1,6,3,10,5,3,4
Tra_ttt165_DN,1,16,2,1,6,1,4,1,1,7,8,26,14,15,6
Tra_ttt166_DN,1,16,2,1,9,2,1,1,1,5,13,25,7,9,10
Tra_ttt167_DN,1,14,2,1,10,2,2,1,1,6,15,25,20,15,15
Tra_ttt168_DN,1,13,2,2,10,1,1,1,5,5,13,35,16,3,11
Tra_ttt169_DN,1,16,2,2,5,3,2,3,2,5,16,18,9,8,8
Tra_ttt170_DN,2,14,1,1,2,2,1,1,2,5,12,19,8,7,7
Tra_ttt171_DN,2,16,2,2,3,5,2,2,1,4,6,17,8,9,6
Tra_ttt172_DN,2,15,2,2,5,5,2,3,1,4,7,24,18,11,11
Tea_ttt167_Control,2,15,2,2,2,2,1,1,1,5,2,10,4,6,3
Tra_ttt173_DN,2,16,2,2,6,4,1,2,1,4,6,11,12,10,6
Tra_ttt174_DN,1,15,2,2,5,2,1,1,1,6,10,20,16,5,8
Tra_ttt175_DN,2,14,2,2,9,5,2,4,1,5,13,19,12,12,6
Tra_ttt176_DN,2,16,2,2,6,2,2,1,1,4,9,11,15,12,6
Tra_ttt177_DN,2,13,1,1,3,5,2,1,2,4,18,19,7,9,13
Tea_ttt168_Control,2,14,1,1,5,2,3,3,1,4,6,25,12,12,5
Tra_ttt178_DN,1,16,2,2,4,2,1,1,2,5,6,15,7,8,6
Tra_ttt179_DN,2,15,2,2,3,2,1,2,1,5,3,13,4,5,7
Tea_ttt169_Control,2,15,2,2,5,2,1,2,1,4,7,15,7,9,5
Tea_ttt170_Control,2,13,1,1,1,2,1,1,1,7,5,7,4,3,3
Tra_ttt180_DN,1,15,2,2,10,2,1,1,1,4,10,23,9,5,9
Tea_ttt171_Control,2,14,1,1,1,2,1,1,1,5,6,9,4,4,5
Tea_ttt172_Control,1,16,2,2,6,1,1,1,1,4,10,27,8,4,4
Tra_ttt181_DN,2,17,2,2,6,3,3,3,1,6,5,7,4,4,3
Tra_ttt182_DN,2,13,1,1,1,2,1,2,1,5,11,23,14,9,4
Tra_ttt183_DN,2,16,2,1,10,2,1,2,1,4,4,10,4,5,8
Tra_ttt184_DN,2,15,2,2,4,2,1,2,1,5,8,12,6,7,4
Tea_ttt173_Control,1,13,1,1,3,1,1,1,2,7,2,7,4,3,3
Tea_ttt174_Control,1,15,2,1,4,1,1,1,1,4,8,10,8,8,6
Tea_ttt175_Control,1,15,2,2,6,1,1,1,1,5,2,15,9,3,3
Tra_ttt185_DN,2,15,2,1,2,2,2,2,2,6,7,16,5,6,8
Tea_ttt176_Control,1,16,1,2,3,1,1,1,1,1,0,7,4,3,3
Tea_ttt177_Control,2,14,1,1,4,1,1,1,1,5,4,15,5,7,5
Tra_ttt186_DN,2,16,2,1,10,3,2,1,2,4,7,25,12,14,12
Tra_ttt187_DN,2,17,2,1,5,1,1,1,1,4,2,9,5,8,4
Tra_ttt188_DN,1,15,2,2,6,1,1,1,1,6,5,18,5,9,6
Tra_ttt189_DN,2,16,2,2,10,3,2,5,1,4,8,18,14,12,6
Tra_ttt190_DN,2,15,2,1,8,1,1,1,1,4,14,16,5,10,7
Tea_ttt178_Control,1,16,2,2,3,2,1,1,1,6,8,11,4,8,3
Tea_ttt179_Control,1,14,2,2,6,2,1,1,3,5,12,25,12,12,11
Tea_ttt180_Control,2,13,1,1,6,1,1,1,1,7,4,7,8,15,5
Tra_ttt191_DN,1,16,2,1,5,1,1,1,1,5,5,10,4,4,5
Tea_ttt181_Control,2,16,2,2,3,1,1,1,1,5,12,9,4,4,3
Tea_ttt182_Control,1,16,2,2,3,2,1,1,1,6,6,11,6,9,7
Tea_ttt183_Control,1,12,1,1,3,1,1,1,1,5,0,11,4,8,4
Tea_ttt184_Control,2,14,1,1,4,5,1,1,1,4,0,7,4,3,3
Tra_ttt192_DN,1,16,2,2,1,5,5,1,1,7,10,7,4,3,3
Tea_ttt185_Control,1,15,2,2,7,1,1,1,1,7,0,7,4,3,3
Tea_ttt186_Control,1,15,2,2,8,2,1,1,1,5,7,14,5,6,5
Tra_ttt193_DN,2,15,2,1,10,5,2,2,2,4,7,23,8,7,12
Tra_ttt194_DN,1,14,1,1,10,5,5,5,5,7,27,35,20,15,15
Tra_ttt195_DN,2,13,1,1,2,1,1,1,1,4,10,14,6,8,7
Tra_ttt196_DN,1,12,1,1,1,2,1,1,1,4,3,11,4,6,3
Tea_ttt187_Control,1,16,2,1,10,2,1,1,1,5,0,18,8,7,7
Tea_ttt188_Control,2,16,2,2,8,1,1,1,2,5,11,15,7,5,8
Tea_ttt189_Control,2,16,2,2,10,2,1,1,1,4,0,9,4,4,3
Tra_ttt197_DN,1,17,2,2,4,4,1,1,1,5,9,13,7,14,5
Tea_ttt190_Control,2,13,1,1,2,2,1,1,2,5,5,9,5,4,4
Tra_ttt198_DN,2,14,2,1,9,5,2,1,1,5,10,23,20,8,6
Tra_ttt199_DN,1,16,2,1,2,4,1,2,2,1,13,16,8,6,6
Tea_ttt191_Control,2,13,1,1,2,1,1,1,1,7,2,11,5,6,3
Tea_ttt192_Control,1,13,1,1,1,1,1,1,1,6,9,8,4,3,3
Tea_ttt193_Control,1,16,2,2,10,2,1,2,1,6,4,16,4,4,6
Tra_ttt200_DN,2,16,2,2,10,3,1,2,2,5,10,10,11,7,7
Tea_ttt194_Control,2,16,2,2,3,1,1,1,1,6,4,7,4,8,6
Tra_ttt201_DN,2,16,2,1,10,1,1,1,2,5,10,21,5,15,10
Tra_ttt202_DN,2,16,2,2,10,5,2,5,1,4,10,27,8,7,8
Tra_ttt203_DN,2,13,1,1,3,2,1,1,1,4,8,13,6,9,5
Tra_ttt204_DN,1,16,2,1,2,5,5,5,1,5,16,7,4,7,3
Tea_ttt195_Control,1,16,2,2,4,2,1,1,1,5,6,17,11,13,13
Tea_ttt196_Control,1,16,2,2,1,4,1,1,1,5,3,11,4,14,4
Tea_ttt197_Control,1,14,2,1,2,2,2,1,1,6,6,12,4,6,5
Tea_ttt198_Control,1,17,2,2,8,1,1,1,1,4,9,17,4,7,6
Tra_ttt205_DN,1,14,1,1,10,5,1,5,1,1,0,7,8,3,3
Tra_ttt206_DN,2,15,2,2,6,2,1,1,3,5,11,19,12,7,10
Tea_ttt199_Control,1,16,2,2,3,2,2,1,1,5,5,15,5,5,6
Tea_ttt200_Control,2,13,1,1,1,1,1,1,1,7,6,7,6,3,5
Tra_ttt207_DN,1,14,1,1,1,1,1,1,1,4,12,13,5,6,6
Tra_ttt208_DN,1,16,2,2,9,1,1,1,2,4,12,35,6,8,13
Tra_ttt209_DN,1,14,2,2,5,4,1,2,1,6,16,23,11,7,15
Tea_ttt201_Control,1,15,2,2,8,1,1,1,1,5,2,15,8,9,5
Tra_ttt210_DN,1,16,2,1,10,1,1,1,1,6,8,10,6,6,3
Tea_ttt202_Control,1,16,2,1,4,1,1,1,1,7,0,7,4,3,3
Tea_ttt203_Control,2,13,1,1,1,1,1,1,1,6,4,7,4,6,3
Tea_ttt204_Control,2,14,1,1,1,1,1,1,4,7,2,16,8,6,3
Tra_ttt211_DN,1,15,2,2,2,2,1,1,1,4,14,11,4,6,6
Tea_ttt205_Control,2,17,2,2,5,1,2,1,1,4,5,8,4,3,3
Tea_ttt206_Control,2,14,1,1,1,2,1,1,1,5,7,11,7,7,6
Tea_ttt207_Control,2,16,2,1,3,2,2,1,1,4,0,11,6,5,4
Tra_ttt212_DN,1,16,2,2,3,2,1,1,1,5,0,16,4,15,6
Tra_ttt213_DN,2,16,2,2,3,2,1,1,1,4,7,13,6,9,8
Tra_ttt214_DN,2,14,2,2,5,4,1,1,1,4,7,13,8,13,6
Tra_ttt215_DN,2,16,2,2,7,4,4,4,3,4,10,19,13,10,7
Tea_ttt208_Control,2,14,1,1,2,1,5,1,5,6,6,11,4,7,3
Tea_ttt209_Control,2,13,1,1,2,1,1,1,1,5,6,10,4,5,5
Tea_ttt210_Control,2,16,2,2,2,3,1,1,1,3,8,14,5,14,5
Tra_ttt216_DN,1,16,2,2,10,4,2,1,1,3,21,19,5,3,12
Tra_ttt217_DN,2,13,1,1,6,1,1,1,1,1,6,15,4,3,3
Tra_ttt218_DN,2,16,2,2,2,2,1,1,1,4,11,10,9,5,3
Tra_ttt219_DN,1,16,2,2,5,2,1,1,1,5,8,19,4,7,8
Tea_ttt211_Control,1,13,1,1,1,1,1,1,1,4,6,14,5,5,5
Tra_ttt220_DN,1,16,2,2,4,2,1,2,3,2,14,16,10,7,4
Tra_ttt221_DN,1,16,2,2,5,4,2,2,1,5,7,15,8,6,6
Tea_ttt212_Control,1,14,1,1,1,1,1,1,2,7,5,8,4,4,5
Tea_ttt213_Control,1,17,2,2,3,2,2,1,1,4,9,11,4,11,4
Tea_ttt214_Control,1,16,2,2,5,1,1,1,1,5,7,10,4,5,4
Tra_ttt222_DN,2,14,2,2,5,2,2,2,1,5,12,27,12,14,9
Tea_ttt215_Control,2,16,2,2,2,2,1,1,1,4,0,7,6,6,3
Tra_ttt223_DN,2,14,2,2,6,1,1,1,1,4,10,15,4,6,5
Tra_ttt224_DN,2,15,2,2,1,3,2,1,1,4,11,19,9,10,10
Tra_ttt225_DN,2,16,2,2,10,1,2,1,2,4,11,13,8,12,6
Tea_ttt216_Control,2,13,1,1,1,1,2,1,3,6,0,13,5,5,3
Tra_ttt226_DN,1,16,2,2,6,5,2,5,1,2,11,13,10,15,5
Tea_ttt217_Control,1,13,1,1,2,1,1,1,2,5,3,12,8,3,4
Tea_ttt218_Control,2,13,1,1,3,1,1,1,1,5,8,9,6,4,3
Tea_ttt219_Control,2,13,1,1,1,4,1,1,1,4,8,15,11,13,3
Tea_ttt220_Control,1,17,2,2,1,1,1,1,1,4,3,9,6,15,5
Tea_ttt221_Control,2,13,1,1,2,2,1,1,1,4,9,10,8,7,7
Tra_ttt227_DN,1,14,2,2,10,1,1,1,1,2,4,23,12,15,15
Tra_ttt228_DN,1,17,1,1,1,3,2,1,2,5,8,21,4,10,5
Tra_ttt229_DN,1,14,2,2,1,5,1,4,1,5,10,15,14,8,5
Tra_ttt230_DN,2,16,2,2,10,3,1,3,1,4,7,21,10,5,11
Tea_ttt222_Control,1,14,1,1,2,1,1,1,1,5,8,9,5,4,3
Tra_ttt231_DN,2,17,2,2,7,2,2,1,1,4,9,20,10,7,9
Tra_ttt232_DN,1,13,1,2,3,3,2,2,2,4,13,21,12,15,11
Tra_ttt233_DN,1,15,2,2,4,2,1,1,1,6,6,8,4,3,4
Tra_ttt234_DN,2,15,2,2,10,3,1,1,1,4,6,21,7,14,5
Tra_ttt235_DN,1,16,2,2,10,5,4,2,5,4,21,30,20,15,15
Tea_ttt223_Control,1,15,2,2,3,1,1,1,2,5,8,11,6,6,7
Tea_ttt224_Control,2,17,2,2,4,2,1,1,1,6,4,10,4,4,4
Tra_ttt236_DN,1,15,2,2,2,2,1,1,1,5,5,15,5,6,7
Tra_ttt237_DN,2,15,2,1,6,2,1,1,1,4,4,18,5,5,7
Tea_ttt225_Control,2,16,2,2,3,2,1,1,1,6,1,9,6,4,3
Tea_ttt226_Control,2,14,1,1,2,1,1,1,1,6,5,7,4,5,4
Tea_ttt227_Control,1,15,2,2,4,2,3,3,1,5,5,11,6,4,4
Tea_ttt228_Control,1,12,1,1,2,1,1,1,1,6,8,18,8,12,6
Tea_ttt229_Control,2,16,2,2,4,1,2,1,1,5,6,14,4,6,6
Tra_ttt238_DN,1,16,2,2,10,3,2,2,1,3,16,29,15,15,11
Tea_ttt230_Control,1,16,2,1,3,1,1,1,2,7,9,16,9,9,6
Tra_ttt239_DN,2,14,1,1,2,2,1,1,2,4,8,10,6,12,5
Tra_ttt240_DN,2,14,1,1,2,1,1,2,1,4,5,15,11,4,8
Tea_ttt231_Control,2,13,2,2,10,1,1,1,2,5,10,20,11,10,8
Tra_ttt241_DN,1,15,2,2,3,1,1,1,2,7,17,24,16,7,12
Tea_ttt232_Control,2,15,2,2,2,2,2,1,1,5,4,10,5,5,3
Tra_ttt242_DN,2,15,2,2,10,1,1,1,1,4,7,17,4,9,3
Tra_ttt243_DN,1,14,2,2,3,1,1,1,1,7,2,8,4,3,4
Tra_ttt244_DN,2,16,2,2,6,2,1,1,1,4,8,12,7,7,6
Tra_ttt245_DN,1,13,1,1,1,5,5,2,5,6,4,23,16,3,3
Tea_ttt233_Control,1,14,1,1,0,1,1,1,1,5,8,20,16,10,6
Tra_ttt246_DN,2,13,2,1,6,1,1,1,1,5,3,11,6,3,3
Tea_ttt234_Control,2,14,2,2,5,1,1,1,1,6,4,7,4,3,3
Tea_ttt235_Control,2,14,1,1,2,2,1,1,1,5,3,7,5,4,4
Tra_ttt247_DN,2,15,2,1,6,4,2,4,1,7,9,17,8,6,6
Tea_ttt236_Control,2,13,1,1,10,1,2,1,1,5,3,7,4,3,3
Tea_ttt237_Control,2,13,2,2,5,2,1,1,1,5,2,11,5,6,3
Tea_ttt238_Control,1,12,1,1,2,1,1,1,1,7,1,7,4,3,3
Tea_ttt239_Control,1,14,2,2,10,4,2,1,1,4,3,9,4,6,3
Tea_ttt240_Control,2,16,2,2,6,3,1,3,1,4,5,13,7,12,4
Tra_ttt248_DN,1,15,2,2,3,5,5,5,1,3,9,15,6,5,3
Tra_ttt249_DN,2,14,2,2,2,5,2,2,3,4,12,25,6,4,8
Tea_ttt241_Control,1,13,1,1,5,1,1,1,1,5,4,7,5,3,4
Tea_ttt242_Control,2,15,2,2,5,3,2,3,3,4,13,24,13,14,10
Tea_ttt243_Control,2,13,1,1,1,3,1,1,1,7,8,7,6,9,5
Tra_ttt250_DN,2,16,2,2,5,2,2,1,1,4,7,20,5,10,6
Tea_ttt244_Control,2,13,1,1,3,2,3,1,1,5,4,12,7,13,3
Tea_ttt245_Control,1,13,2,2,3,2,1,1,1,5,5,23,4,9,4
Tea_ttt246_Control,2,14,1,1,1,1,2,1,1,5,2,9,4,6,4
Tea_ttt247_Control,1,15,2,1,3,1,1,1,1,6,7,13,5,9,3
Tea_ttt248_Control,2,15,2,2,5,2,1,1,1,4,4,10,5,9,4
Tea_ttt249_Control,2,12,1,1,1,1,1,1,1,6,1,10,7,4,3
Tra_ttt251_DN,2,15,2,2,10,5,5,5,1,5,20,7,4,3,3
Tea_ttt250_Control,1,14,2,2,10,2,1,1,1,7,5,14,5,9,4
Tea_ttt251_Control,2,14,1,1,4,2,1,1,1,4,9,14,9,10,3
Tea_ttt252_Control,1,13,1,1,3,1,1,1,1,6,6,10,4,8,4
Tra_ttt252_DN,1,16,2,1,10,1,2,1,3,6,12,21,17,9,9
Tea_ttt253_Control,1,13,1,1,4,1,1,1,1,5,2,14,5,10,8
Tra_ttt253_DN,2,16,2,2,10,2,1,2,1,5,9,19,13,9,7
Tra_ttt254_DN,1,16,2,1,5,2,1,1,1,5,5,8,6,6,3
Tea_ttt254_Control,1,16,2,2,2,2,1,1,1,4,9,13,4,4,4
Tea_ttt255_Control,2,16,2,1,5,1,1,1,1,4,1,8,4,6,3
Tea_ttt256_Control,1,15,2,2,6,1,1,1,1,5,15,26,13,15,10
Tra_ttt255_DN,2,16,2,1,4,1,1,1,1,4,11,16,5,5,6
Tea_ttt257_Control,2,15,2,2,2,1,2,1,1,5,3,7,4,3,3
Tea_ttt258_Control,1,12,1,1,5,2,1,1,1,5,10,14,4,6,4
Tea_ttt259_Control,2,15,2,2,4,2,2,1,1,5,8,8,4,5,4
Tra_ttt256_DN,2,15,2,2,3,2,1,1,1,5,0,8,6,6,4
Tra_ttt257_DN,2,15,2,2,10,2,1,1,1,4,2,9,5,4,7
Tra_ttt258_DN,1,16,2,2,6,4,4,4,1,4,10,20,7,7,7
Tea_ttt260_Control,1,13,1,1,0,1,2,1,5,5,6,9,4,3,3
Tra_ttt259_DN,1,16,2,1,10,5,5,1,1,4,7,7,5,12,3
Tea_ttt261_Control,1,17,2,2,3,1,1,1,1,6,1,7,4,3,3
Tra_ttt260_DN,2,15,2,2,3,4,5,3,1,7,0,24,9,8,7
Tea_ttt262_Control,2,17,2,2,2,1,1,1,1,6,2,10,8,15,4
Tra_ttt261_DN,1,16,2,2,2,2,1,2,1,5,11,19,6,6,7
Tea_ttt263_Control,2,16,2,1,2,2,2,2,2,6,0,14,8,6,6
Tea_ttt264_Control,1,13,2,2,10,1,1,1,1,4,10,15,4,5,4
Tra_ttt262_DN,2,16,2,2,4,3,1,2,1,6,11,16,7,6,5
Tra_ttt263_DN,1,16,2,2,8,2,1,2,1,5,9,21,5,8,6
Tea_ttt265_Control,2,15,2,2,3,2,1,1,1,5,4,12,5,6,4
Tea_ttt266_Control,1,15,2,2,3,2,1,1,1,5,3,9,5,7,3
Tea_ttt267_Control,2,17,2,2,7,1,1,1,1,5,6,15,4,6,4
Tea_ttt268_Control,2,14,2,2,5,1,2,1,1,7,7,9,4,10,3
Tea_ttt269_Control,2,16,2,2,4,1,1,1,1,4,5,8,4,4,3
Tea_ttt270_Control,1,13,1,1,1,1,1,1,1,6,3,9,4,7,3
Tra_ttt264_DN,2,16,2,2,3,2,1,1,1,4,11,7,4,14,3
Tra_ttt265_DN,2,16,2,2,9,2,1,1,1,4,17,17,7,6,11
Tea_ttt271_Control,1,15,2,2,2,5,3,2,2,5,7,17,4,15,15
Tra_ttt266_DN,1,15,2,2,10,5,5,1,1,4,9,11,4,3,3
Tra_ttt267_DN,2,15,2,2,5,4,2,2,2,4,8,26,7,11,10
Tea_ttt272_Control,1,13,1,1,4,1,1,1,1,5,0,7,4,3,3
Tea_ttt273_Control,2,14,2,2,2,3,2,1,1,5,5,15,4,6,4
Tra_ttt268_DN,2,16,2,2,5,2,2,1,1,4,7,11,4,10,5
Tea_ttt274_Control,1,16,2,2,8,2,1,1,1,6,8,17,15,4,7
Tea_ttt275_Control,2,13,1,1,6,1,1,1,1,4,1,25,11,5,5
Tra_ttt269_DN,1,16,2,2,10,2,2,2,1,4,7,20,10,6,5
Tra_ttt270_DN,1,15,2,2,1,1,1,1,1,5,9,14,8,6,6
Tea_ttt276_Control,1,16,2,2,2,1,1,1,1,6,5,8,6,7,3
Tra_ttt271_DN,2,15,2,2,2,4,2,2,1,4,10,11,4,8,5
Tra_ttt272_DN,2,15,2,2,10,5,2,5,1,5,20,16,12,15,8
Tra_ttt273_DN,2,15,2,2,6,5,1,1,1,4,10,15,10,6,10
Tea_ttt277_Control,1,16,2,2,3,2,2,1,1,5,4,17,10,10,4
Tea_ttt278_Control,1,15,2,2,5,2,1,2,1,4,2,13,9,8,3
Tea_ttt279_Control,1,16,2,2,4,1,1,1,1,6,2,14,4,7,6
Tra_ttt274_DN,1,15,2,2,8,2,2,1,1,5,10,17,5,9,7
Tea_ttt280_Control,1,17,2,2,1,1,1,1,1,6,3,12,4,7,6
Tea_ttt281_Control,1,15,2,2,1,2,4,4,1,6,9,16,4,5,3
Tea_ttt282_Control,2,16,2,2,5,2,1,3,1,6,15,27,13,13,14
Tea_ttt283_Control,1,15,2,2,1,1,1,1,1,4,0,7,4,3,3
Tra_ttt275_DN,1,15,2,2,7,4,2,1,1,2,13,20,16,7,8
Tea_ttt284_Control,2,14,1,1,1,2,1,1,1,6,4,8,4,4,4
Tra_ttt276_DN,2,15,2,2,4,2,1,2,1,4,6,13,8,15,11
Tea_ttt285_Control,1,16,2,2,8,2,1,1,1,4,11,13,13,6,6
Tea_ttt286_Control,1,13,2,1,1,1,1,1,1,6,4,8,4,7,3
Tra_ttt277_DN,1,16,2,2,5,2,1,1,2,5,8,15,6,7,6
Tra_ttt278_DN,2,15,2,2,10,4,2,4,1,6,18,17,7,7,8
Tea_ttt287_Control,2,16,2,2,2,2,2,3,1,6,4,22,15,10,7
Tra_ttt279_DN,2,14,2,2,6,2,1,2,1,4,8,12,4,3,4
Tea_ttt288_Control,1,14,1,1,2,1,1,1,1,6,5,11,7,12,4
Tra_ttt280_DN,2,15,2,2,8,2,1,2,1,6,5,13,12,5,9
Tra_ttt281_DN,2,16,2,2,8,5,1,1,1,5,6,25,17,15,9
Tra_ttt282_DN,2,14,1,1,2,5,5,1,1,5,8,20,5,6,8
Tra_ttt283_DN,1,16,2,2,6,5,5,5,1,6,4,10,5,6,6
Tra_ttt284_DN,1,15,2,2,5,1,1,1,1,6,9,22,5,11,9
Tea_ttt289_Control,1,14,2,2,7,2,1,1,1,6,3,15,4,4,5
Tea_ttt290_Control,1,14,1,1,1,1,1,1,1,6,5,10,5,4,3
Tea_ttt291_Control,2,15,2,2,1,3,1,2,1,5,4,16,9,12,6
Tra_ttt285_DN,2,16,2,2,5,5,4,4,1,5,9,18,4,9,6
Tra_ttt286_DN,2,15,2,2,5,2,3,1,1,5,9,20,9,5,8
Tea_ttt292_Control,1,13,1,1,1,1,1,1,1,4,11,12,5,4,6
Tra_ttt287_DN,2,16,2,2,3,4,2,1,1,4,11,14,6,12,4
Tea_ttt293_Control,2,16,2,2,6,2,1,2,1,5,3,11,8,4,3
Tea_ttt294_Control,2,14,1,1,1,2,1,1,1,5,5,12,4,12,5
Tea_ttt295_Control,2,16,2,2,2,2,1,1,1,5,9,12,6,10,7
Tea_ttt296_Control,2,15,2,2,7,1,1,1,1,4,5,17,7,10,6
Tea_ttt297_Control,2,16,2,2,3,2,1,2,1,6,1,7,4,3,3
Tra_ttt288_DN,2,16,2,2,4,2,2,2,1,4,9,14,20,11,6
Tra_ttt289_DN,2,13,1,1,2,2,2,1,1,5,15,12,11,5,3
Tea_ttt298_Control,2,14,1,1,2,2,1,1,1,4,4,9,12,8,3
Tra_ttt290_DN,2,15,2,2,9,2,1,1,1,4,7,10,10,8,3
Tra_ttt291_DN,1,17,2,1,10,3,1,1,1,6,10,12,11,13,6
Tra_ttt292_DN,2,15,2,2,4,2,1,1,1,5,6,19,7,10,9
Tea_ttt299_Control,2,15,2,2,8,2,1,1,1,6,8,14,5,5,9
Tea_ttt300_Control,1,14,1,1,1,1,1,1,1,7,2,9,4,9,4
Tra_ttt293_DN,2,14,2,2,2,1,2,1,1,4,10,12,4,8,6
Tea_ttt301_Control,1,16,2,1,2,1,1,1,1,6,1,7,4,3,3
Tea_ttt302_Control,1,14,1,2,1,1,2,1,2,7,4,14,8,6,6
Tea_ttt303_Control,1,14,2,2,2,1,1,1,2,5,1,7,4,8,3
Tea_ttt304_Control,1,14,1,1,1,2,1,2,4,5,8,15,4,4,5
Tea_ttt305_Control,2,16,2,2,5,1,1,1,1,4,0,9,4,7,3
Tea_ttt306_Control,1,16,2,2,10,1,1,1,1,6,5,15,4,9,3
Tra_ttt294_DN,1,15,2,2,10,3,1,2,1,6,6,26,16,15,11
Tea_ttt307_Control,2,15,2,2,1,1,1,1,1,7,2,9,4,3,3
Tra_ttt295_DN,2,16,2,2,6,4,1,2,1,6,7,12,4,3,3
Tea_ttt308_Control,1,16,2,2,3,1,1,1,1,4,5,7,5,6,3
Tea_ttt309_Control,1,13,2,2,5,1,1,1,1,5,4,12,6,4,8
Tra_ttt296_DN,1,15,2,2,10,5,5,5,1,6,9,15,4,15,10
Tea_ttt310_Control,2,15,2,2,3,2,1,1,1,4,10,7,5,7,6
Tea_ttt311_Control,1,17,2,2,3,1,1,1,1,4,5,10,4,5,4
Tra_ttt297_DN,2,16,2,2,3,2,2,1,2,4,13,14,10,11,7
Tra_ttt298_DN,1,13,1,1,1,1,1,1,1,6,8,7,4,3,3
Tra_ttt299_DN,2,16,2,2,6,5,5,1,1,4,14,19,8,13,7
Tea_ttt312_Control,2,12,1,1,4,3,1,1,1,5,4,8,4,9,4
Tea_ttt313_Control,1,14,1,1,2,1,1,1,1,5,3,9,4,3,3
Tea_ttt314_Control,2,14,2,2,1,1,1,1,1,6,1,7,4,5,3
Tea_ttt315_Control,1,15,2,2,3,2,2,1,1,4,5,10,4,3,4
Tra_ttt300_DN,1,15,2,2,10,1,1,1,1,5,10,7,4,3,3
Tra_ttt301_DN,1,16,2,2,4,2,2,2,1,6,7,17,8,3,6
Tra_ttt302_DN,1,13,1,1,3,4,2,1,3,5,14,11,8,9,9
Tea_ttt316_Control,1,16,2,2,4,2,1,1,1,1,9,8,4,3,3
Tra_ttt303_DN,2,15,2,1,4,2,1,1,1,4,7,10,5,12,5
Tra_ttt304_DN,2,16,1,2,7,2,1,2,1,5,9,15,4,5,4
Tea_ttt317_Control,1,14,1,1,4,2,4,1,1,5,9,17,6,10,4
Tea_ttt318_Control,2,13,2,2,2,1,1,1,2,6,6,8,6,5,4
Tea_ttt319_Control,1,14,1,1,3,1,1,1,1,7,6,23,7,15,8
Tea_ttt320_Control,2,14,1,1,1,1,1,1,1,7,9,7,6,4,3
Tra_ttt305_DN,2,14,2,2,8,3,2,2,1,4,15,27,10,8,7
Tra_ttt306_DN,2,17,2,2,10,5,1,2,1,4,7,20,9,7,8
Tea_ttt321_Control,1,16,2,2,3,2,1,1,1,6,6,11,7,9,6
Tea_ttt322_Control,2,14,2,2,2,2,1,1,1,6,1,7,4,5,4
Tra_ttt307_DN,2,16,2,2,6,5,2,1,1,4,8,11,4,9,5
Tea_ttt323_Control,2,15,2,1,9,2,1,1,1,5,2,13,7,6,6
Tea_ttt324_Control,2,14,1,1,1,4,2,4,1,4,5,10,4,12,4
Tra_ttt308_DN,2,16,2,1,6,3,2,1,1,4,11,15,9,15,4
Tea_ttt325_Control,1,15,2,2,1,2,1,1,1,6,4,11,6,4,5
Tea_ttt326_Control,2,16,2,2,0,1,1,1,1,4,1,7,4,3,3
Tea_ttt327_Control,2,13,1,1,1,1,1,1,1,5,2,9,4,3,4
Tra_ttt309_DN,2,15,2,2,5,3,1,1,1,5,6,13,13,15,10
Tra_ttt310_DN,1,16,2,1,6,1,1,1,1,7,7,16,6,10,8
Tra_ttt311_DN,1,15,2,2,4,3,1,1,1,7,4,7,10,15,3
Tea_ttt328_Control,2,15,2,2,5,2,1,1,1,6,7,9,5,8,5
Tra_ttt312_DN,2,14,1,1,4,3,2,1,1,4,2,15,9,4,6
Tea_ttt329_Control,1,13,1,1,1,1,1,1,2,4,0,11,4,8,4
Tea_ttt330_Control,2,16,2,1,3,2,2,1,1,4,0,9,6,6,3
Tra_ttt313_DN,2,16,2,2,8,4,2,3,1,4,9,21,9,9,10
Tra_ttt314_DN,2,13,2,2,3,4,3,2,2,6,5,12,11,10,3
Tea_ttt331_Control,2,14,1,1,2,1,1,1,1,6,16,21,4,3,4
Tea_ttt332_Control,2,15,2,2,3,2,2,1,1,6,7,10,4,12,6
Tra_ttt315_DN,2,16,2,2,10,3,1,1,2,4,18,22,15,15,10
Tra_ttt316_DN,1,16,2,2,10,2,1,1,1,4,13,20,9,6,8
Tea_ttt333_Control,1,15,2,2,5,1,1,1,1,6,3,13,5,5,6
Tea_ttt334_Control,2,17,2,2,3,2,1,1,1,6,4,14,4,6,5
Tea_ttt335_Control,1,14,1,1,2,1,1,1,1,7,6,13,11,15,7
Tra_ttt317_DN,1,16,2,2,10,5,5,5,1,7,15,7,4,3,3
Tea_ttt336_Control,2,16,2,2,4,3,1,1,1,3,10,18,4,9,4
Tra_ttt318_DN,1,13,1,1,1,3,1,2,2,5,6,24,8,6,10
Tra_ttt319_DN,2,13,1,1,2,4,1,1,1,4,12,15,4,13,4
Tra_ttt320_DN,1,16,2,2,3,2,2,1,1,6,2,16,6,4,7
Tea_ttt337_Control,1,13,1,1,1,2,3,1,1,1,7,13,4,15,3
Tra_ttt321_DN,2,16,2,2,4,5,3,2,3,5,5,9,5,11,4
Tea_ttt338_Control,2,14,2,2,6,2,2,2,1,4,10,14,8,7,8
Tea_ttt339_Control,1,14,1,2,3,1,1,1,1,4,1,8,4,3,3
Tea_ttt340_Control,2,16,2,2,3,2,2,1,1,6,8,9,7,7,4
Tea_ttt341_Control,2,13,1,1,1,1,1,1,1,4,2,11,4,3,5
Tra_ttt322_DN,2,16,2,2,8,5,5,5,1,4,18,9,15,15,12
Tra_ttt323_DN,2,14,1,1,1,1,1,1,1,4,2,7,5,5,4
Tra_ttt324_DN,2,14,2,2,4,4,4,5,1,5,6,22,7,9,13
Tea_ttt342_Control,1,13,1,1,1,1,1,1,1,4,7,13,4,3,4
Tea_ttt343_Control,1,16,2,1,2,2,1,1,1,5,8,8,6,4,3
Tea_ttt344_Control,1,16,2,2,3,5,2,2,1,4,6,19,4,9,3
Tra_ttt325_DN,1,16,2,2,10,4,4,3,2,4,11,24,12,15,11
Tra_ttt326_DN,2,13,1,1,3,2,1,1,1,6,5,22,9,5,10
Tra_ttt327_DN,1,16,2,2,10,2,1,1,1,4,13,17,20,7,15
Tra_ttt328_DN,2,14,2,2,10,2,2,1,2,6,9,18,16,15,11
Tra_ttt329_DN,2,14,2,2,5,1,1,1,1,5,1,18,6,5,4
Tra_ttt330_DN,2,13,1,1,1,2,1,1,1,4,13,8,4,7,5
Tea_ttt345_Control,2,13,1,1,2,1,1,1,1,4,7,15,5,15,5
Tra_ttt331_DN,2,16,1,2,8,2,3,2,1,4,16,19,11,6,5
Tra_ttt332_DN,2,14,1,1,1,1,1,1,1,6,4,8,5,3,4
Tra_ttt333_DN,1,16,2,2,3,1,1,1,1,4,8,8,5,6,3
Tra_ttt334_DN,2,15,2,2,7,5,5,5,1,4,12,18,14,7,4
Tea_ttt346_Control,1,15,2,2,8,3,1,1,1,4,11,7,4,3,3
Tra_ttt335_DN,1,13,1,1,1,4,1,2,1,5,10,25,7,11,4
Tea_ttt347_Control,2,15,2,2,8,1,1,1,1,4,3,11,4,4,5
Tea_ttt348_Control,2,16,2,1,2,1,1,1,1,5,8,16,9,11,10
Tra_ttt336_DN,1,15,2,1,1,4,4,2,1,7,27,11,8,9,3
Tra_ttt337_DN,1,16,2,2,9,2,1,1,1,6,11,16,4,6,5
Tea_ttt349_Control,2,12,1,1,3,2,1,1,1,5,2,8,4,3,3
Tea_ttt350_Control,2,16,2,2,4,1,1,1,1,5,1,17,4,9,6
Tra_ttt338_DN,1,14,2,2,10,4,2,1,1,3,7,17,9,9,9
Tea_ttt351_Control,2,17,2,2,3,1,1,1,1,6,0,18,12,10,5
Tra_ttt339_DN,2,16,2,2,3,5,3,2,1,6,10,12,4,13,3
Tea_ttt352_Control,1,14,1,1,3,2,1,1,1,7,3,10,4,5,3
Tea_ttt353_Control,1,15,2,2,5,2,2,2,2,5,9,14,10,9,6
Tea_ttt354_Control,1,13,1,1,1,2,1,1,2,5,2,16,11,14,4
Tea_ttt355_Control,2,15,2,2,6,4,2,4,2,6,6,17,12,11,5
Tea_ttt356_Control,1,14,1,2,1,1,1,1,2,5,4,8,5,6,5
Tra_ttt340_DN,2,16,2,2,6,3,2,2,2,6,16,20,5,12,9
Tea_ttt357_Control,2,16,2,2,10,2,1,1,1,6,11,12,7,5,6
Tea_ttt358_Control,2,15,2,2,2,1,1,1,1,5,2,9,6,6,3
Tea_ttt359_Control,1,15,2,2,4,5,5,5,1,4,13,18,16,15,7
Tea_ttt360_Control,1,15,2,2,2,1,1,1,1,6,7,21,5,8,7
Tea_ttt361_Control,1,16,2,2,2,1,1,1,1,5,3,11,4,3,4
Tra_ttt341_DN,1,14,1,1,3,3,1,1,2,2,12,14,6,12,7
Tea_ttt362_Control,1,14,2,2,3,1,1,1,1,4,8,10,4,5,5
Tea_ttt363_Control,1,13,2,2,4,1,1,1,1,6,5,7,6,4,4
Tea_ttt364_Control,2,16,2,2,6,2,1,1,1,4,3,22,9,12,6
Tea_ttt365_Control,2,14,1,1,2,2,2,1,1,7,3,14,5,3,6
Tra_ttt342_DN,1,14,2,1,2,1,1,1,1,6,3,12,4,4,6
Tea_ttt366_Control,1,13,1,1,1,1,1,1,1,6,8,7,4,3,3
Tea_ttt367_Control,2,17,2,2,3,1,1,1,1,5,3,7,4,3,3
Tra_ttt343_DN,1,15,1,1,8,1,1,1,1,7,15,21,11,8,7
Tra_ttt344_DN,1,17,2,2,5,2,1,2,1,4,11,13,4,6,5
Tea_ttt368_Control,2,13,1,1,1,1,1,1,1,5,7,7,5,4,4
Tea_ttt369_Control,1,15,2,2,3,1,1,1,1,5,4,9,7,6,3
Tra_ttt345_DN,2,16,2,2,5,1,1,1,1,4,3,15,4,8,12
Tra_ttt346_DN,1,14,1,1,2,5,1,1,3,1,5,16,11,12,5
Tea_ttt370_Control,2,14,2,2,5,2,1,1,1,6,4,7,5,3,3
Tea_ttt371_Control,2,13,1,1,2,2,1,1,3,6,6,10,11,12,4
Tra_ttt347_DN,2,15,2,2,3,5,3,1,4,6,9,9,10,15,5
Tra_ttt348_DN,2,13,1,1,2,1,1,1,2,4,7,20,9,12,4
Tea_ttt372_Control,2,13,1,1,0,1,1,1,1,6,2,7,4,3,3
Tea_ttt373_Control,2,12,1,1,3,1,1,1,1,6,4,11,4,6,5
Tra_ttt349_DN,2,16,2,2,10,2,1,2,1,4,12,16,5,11,7
Tra_ttt350_DN,1,17,2,2,10,5,5,5,3,4,9,19,17,9,9
Tea_ttt374_Control,1,13,1,1,2,1,1,1,1,5,8,15,6,10,5
Tea_ttt375_Control,2,15,2,2,5,2,2,1,1,5,4,10,9,11,5
Tea_ttt376_Control,1,14,1,1,2,2,1,1,1,5,8,14,5,9,6
Tea_ttt377_Control,2,15,2,2,5,1,1,1,1,4,5,10,5,6,4
Tea_ttt378_Control,1,16,2,2,3,2,1,1,1,6,7,13,8,8,6
Tea_ttt379_Control,2,16,2,2,8,2,1,1,1,6,3,11,4,10,3
Tra_ttt351_DN,2,16,2,2,3,5,5,2,1,4,5,16,6,5,5
Tea_ttt380_Control,1,12,1,1,4,1,1,1,1,5,4,16,4,11,11
Tea_ttt381_Control,1,16,2,2,6,4,1,1,1,5,4,9,4,8,4
Tra_ttt352_DN,2,15,2,2,10,5,5,5,5,6,12,20,12,15,7
Tea_ttt382_Control,2,14,1,1,3,1,1,1,1,7,3,12,10,4,5
Tea_ttt383_Control,2,16,2,2,2,1,2,1,1,5,8,7,4,8,4
Tra_ttt353_DN,1,14,1,1,4,1,1,1,1,4,8,10,5,6,3
Tea_ttt384_Control,2,16,2,2,4,1,1,1,1,6,1,11,4,4,6
Tea_ttt385_Control,2,12,1,1,6,1,1,1,1,6,7,16,4,11,13
Tea_ttt386_Control,1,15,2,2,1,1,1,1,1,7,0,7,4,3,3
Tra_ttt354_DN,1,15,2,2,7,5,1,1,1,3,5,15,4,15,7
Tea_ttt387_Control,1,13,1,2,4,1,1,1,1,4,2,11,5,4,4
Tea_ttt388_Control,2,15,2,2,1,3,2,1,1,4,5,7,8,7,3
Tea_ttt389_Control,1,13,1,1,10,2,2,1,1,7,6,16,8,13,6
Tea_ttt390_Control,1,16,2,2,7,1,1,1,2,6,15,13,5,3,8
Tra_ttt355_DN,1,15,2,2,3,5,4,2,1,4,17,9,14,15,3
Tra_ttt356_DN,2,14,2,2,3,5,2,1,1,4,9,13,4,4,6
Tra_ttt357_DN,2,13,2,2,5,2,1,1,2,6,5,21,19,11,10
Tra_ttt358_DN,2,17,2,1,6,3,1,4,1,4,4,14,4,7,3
Tea_ttt391_Control,2,13,1,1,1,1,1,1,2,5,5,18,10,5,4
Tea_ttt392_Control,1,16,2,2,2,2,1,1,1,5,1,10,4,5,3
Tea_ttt393_Control,1,16,2,2,2,2,1,1,1,4,7,10,4,7,5
Tea_ttt394_Control,1,13,1,1,3,1,1,1,1,6,10,14,5,7,5
Tra_ttt359_DN,2,16,2,2,6,2,2,1,1,5,10,22,7,9,6
Tea_ttt395_Control,2,15,2,2,5,5,3,1,1,4,9,27,4,11,3
Tra_ttt360_DN,1,15,2,2,7,2,1,1,1,6,9,16,6,10,8
Tea_ttt396_Control,2,14,2,2,5,3,2,2,1,7,5,14,8,11,9
Tea_ttt397_Control,2,14,1,1,1,1,1,1,1,6,7,12,6,5,6
Tra_ttt361_DN,1,16,2,2,1,5,5,5,1,7,3,7,4,3,3
Tra_ttt362_DN,2,14,2,2,3,2,1,2,5,4,13,20,4,8,3
Tea_ttt398_Control,2,12,1,1,1,2,2,2,1,6,5,16,11,9,8
Tea_ttt399_Control,2,15,2,2,3,4,1,1,1,4,13,11,5,7,4
Tea_ttt400_Control,2,13,1,1,1,2,1,1,1,6,11,15,5,10,3
Tra_ttt363_DN,2,15,2,2,6,2,1,1,2,4,24,14,6,8,4
Tra_ttt364_DN,1,16,2,2,3,5,3,2,2,4,8,23,11,9,5
Tea_ttt401_Control,1,14,1,1,1,1,1,1,1,7,3,8,4,5,5
Tea_ttt402_Control,2,15,2,2,7,1,2,1,2,3,8,10,6,9,9
Tea_ttt403_Control,2,13,1,1,1,2,1,1,1,6,5,9,4,6,4
Tea_ttt404_Control,1,15,2,2,2,1,1,1,1,6,10,12,4,5,4
Tra_ttt365_DN,2,14,2,2,6,1,1,1,1,3,12,16,7,15,3
Tra_ttt366_DN,2,14,1,1,1,2,1,1,3,5,3,18,14,6,6
Tea_ttt405_Control,1,15,2,2,2,1,1,1,1,7,0,7,4,3,3
Tra_ttt367_DN,2,16,2,2,10,5,1,2,2,3,23,32,20,15,15
Tea_ttt406_Control,1,15,2,2,3,5,1,1,3,2,2,20,4,7,6
Tra_ttt368_DN,1,16,2,2,4,3,3,2,4,5,7,25,9,15,9
Tra_ttt369_DN,2,16,2,2,7,5,5,2,1,4,13,23,11,11,6
Tra_ttt370_DN,1,13,2,2,2,1,1,1,1,7,8,7,4,3,3
Tea_ttt407_Control,2,14,1,1,0,1,1,1,1,4,12,9,4,3,3
Tea_ttt408_Control,1,14,1,1,1,1,1,1,1,7,2,7,4,3,3
Tra_ttt371_DN,2,16,2,2,5,2,1,1,1,4,10,14,4,9,8
Tea_ttt409_Control,2,13,1,1,1,1,1,1,2,4,1,7,4,4,5
Tea_ttt410_Control,1,16,2,2,5,1,1,1,1,6,4,20,9,9,11
Tea_ttt411_Control,1,16,2,2,8,2,2,2,1,5,9,11,5,9,5
Tea_ttt412_Control,1,13,2,2,2,2,1,1,1,7,3,8,4,3,3
Tra_ttt372_DN,1,14,1,1,2,2,2,1,1,4,1,8,4,3,3
Tra_ttt373_DN,2,15,2,2,6,3,1,2,1,4,10,20,12,12,8
Tra_ttt374_DN,1,14,2,2,5,2,1,1,2,3,16,14,5,7,7
Tea_ttt413_Control,1,16,2,2,3,1,1,1,1,5,13,18,5,6,7
Tea_ttt414_Control,1,14,1,1,1,1,1,1,1,7,4,7,4,5,3
Tra_ttt375_DN,1,13,1,1,10,2,2,2,5,1,27,35,20,15,15
Tra_ttt376_DN,2,15,2,2,5,3,2,2,1,4,7,10,9,14,6
Tra_ttt377_DN,1,13,1,1,1,2,2,1,1,5,8,13,4,8,7
Tra_ttt378_DN,2,16,2,2,3,5,2,5,1,5,11,9,6,5,3
Tra_ttt379_DN,2,15,2,2,8,2,1,2,1,5,4,18,6,7,6
Tra_ttt380_DN,2,14,2,2,6,5,4,1,1,4,0,11,4,3,4
Tea_ttt415_Control,2,13,1,1,1,2,1,1,1,6,6,11,5,6,5
Tra_ttt381_DN,1,15,2,2,10,2,1,2,2,4,13,14,8,6,6
Tra_ttt382_DN,1,13,1,1,1,2,2,5,2,4,4,20,14,9,8
Tea_ttt416_Control,2,16,2,2,4,3,2,2,1,4,8,11,6,6,4
Tra_ttt383_DN,1,15,1,1,10,4,4,4,1,5,9,26,11,12,9
Tea_ttt417_Control,1,14,1,1,1,2,1,1,1,7,2,13,5,8,5
Tea_ttt418_Control,2,16,2,2,5,1,1,1,1,5,4,12,8,5,5
Tea_ttt419_Control,1,15,2,2,1,1,2,3,1,7,7,16,6,4,4
Tra_ttt384_DN,1,16,2,1,8,5,5,3,3,4,22,18,12,14,6
Tra_ttt385_DN,1,16,2,2,3,2,2,2,1,5,15,13,8,6,5
Tea_ttt420_Control,1,15,2,2,2,2,2,2,1,4,2,9,6,7,3
Tea_ttt421_Control,1,16,2,2,2,1,1,1,1,4,4,8,4,6,4
Tea_ttt422_Control,1,13,1,1,1,2,1,1,1,6,10,12,8,8,10
Tra_ttt386_DN,2,16,2,2,6,5,1,1,1,4,13,16,6,7,7
Tra_ttt387_DN,1,16,2,2,5,3,2,2,1,6,9,18,8,6,9
Tea_ttt423_Control,1,13,1,1,2,1,1,1,1,5,6,11,6,5,6
Tra_ttt388_DN,2,16,2,2,9,5,2,5,1,4,10,23,20,15,15
Tra_ttt389_DN,2,16,2,2,9,4,1,1,1,6,10,28,7,6,9
Tea_ttt424_Control,1,16,2,1,2,1,1,1,1,5,6,14,4,12,3
Tra_ttt390_DN,1,15,2,1,4,5,3,2,1,4,7,14,5,12,6
Tea_ttt425_Control,2,16,2,2,2,2,1,1,1,7,5,11,7,13,5
Tra_ttt391_DN,2,17,2,2,6,2,1,1,1,4,11,15,7,4,7
Tea_ttt426_Control,2,13,1,1,2,1,1,1,1,5,9,22,11,12,11
Tea_ttt427_Control,1,13,1,1,2,1,2,1,1,6,4,10,5,6,4
Tea_ttt428_Control,2,12,1,1,2,1,1,1,1,6,0,7,5,5,3
Tra_ttt392_DN,1,16,2,2,4,3,1,1,2,4,13,18,9,5,6
Tea_ttt429_Control,2,15,2,2,5,2,1,1,1,5,6,14,4,7,7
Tra_ttt393_DN,1,16,2,2,10,2,1,2,1,6,8,23,11,11,7
Tra_ttt394_DN,2,16,2,2,6,5,2,3,4,4,7,24,12,13,7
Tra_ttt395_DN,1,15,2,2,2,5,2,2,1,4,16,9,4,3,6
Tra_ttt396_DN,1,15,2,2,6,2,1,1,1,5,8,19,10,12,3
Tra_ttt397_DN,2,16,2,2,4,3,1,1,3,5,7,12,9,7,3
Tra_ttt398_DN,2,14,2,2,8,4,2,1,1,5,5,18,7,8,8
Tra_ttt399_DN,1,16,2,2,5,1,1,1,1,4,8,16,5,5,7
Tea_ttt430_Control,1,14,1,1,1,1,1,1,1,7,4,11,4,4,4
Tea_ttt431_Control,2,15,2,2,6,2,1,1,1,5,6,12,6,4,6
Tra_ttt400_DN,1,15,2,2,10,5,5,5,1,1,19,22,16,11,6
Tea_ttt432_Control,1,15,2,1,8,2,1,1,1,5,8,16,7,9,9
Tea_ttt433_Control,1,15,2,2,2,1,1,1,1,6,1,8,4,3,5
Tea_ttt434_Control,2,15,2,2,1,2,2,1,1,5,10,11,6,10,4
Tea_ttt435_Control,2,12,1,1,1,1,1,1,1,6,2,8,4,3,3
Tea_ttt436_Control,1,12,1,1,1,1,1,1,2,7,2,9,4,3,3
Tra_ttt401_DN,2,15,2,2,10,3,1,1,3,5,12,24,14,6,8
Tra_ttt402_DN,1,16,2,2,1,4,4,2,1,4,3,7,4,12,3
Tea_ttt437_Control,1,13,1,1,1,1,1,1,1,1,2,17,5,5,6
Tra_ttt403_DN,2,14,2,2,3,5,1,3,1,4,9,15,7,12,4
Tra_ttt404_DN,2,15,2,2,10,5,5,5,5,1,23,27,15,15,15
Tea_ttt438_Control,1,16,2,2,3,1,1,1,1,5,2,9,5,6,3
Tea_ttt439_Control,2,14,2,2,3,2,1,1,1,6,9,12,8,4,6
Tea_ttt440_Control,1,14,1,1,2,2,2,1,2,4,8,9,5,4,3
Tea_ttt441_Control,1,13,1,1,1,2,1,1,1,5,3,8,7,3,3
Tra_ttt405_DN,2,15,2,2,6,2,1,1,1,4,11,18,4,4,5
Tra_ttt406_DN,1,16,2,2,4,2,2,1,1,6,3,11,5,8,6
Tea_ttt442_Control,1,13,2,2,10,1,1,1,1,4,9,14,5,7,3
Tra_ttt407_DN,2,14,2,1,4,1,1,1,1,6,10,12,4,4,4
Tea_ttt443_Control,2,13,1,1,1,2,1,1,1,5,8,8,4,3,3
Tra_ttt408_DN,2,15,2,2,10,5,5,5,3,1,13,20,8,15,5
Tea_ttt444_Control,2,16,2,2,1,2,1,1,1,6,1,9,6,6,3
Tea_ttt445_Control,2,15,2,2,3,2,1,2,1,7,4,11,5,4,4
Tra_ttt409_DN,2,14,2,2,1,5,3,1,1,4,16,12,8,8,3
Tra_ttt410_DN,2,14,1,1,6,5,5,5,1,7,7,21,6,5,3
Tea_ttt446_Control,2,15,2,1,3,2,1,1,1,4,5,15,4,4,5
Tea_ttt447_Control,1,15,2,2,5,1,2,1,3,6,6,13,5,10,5
Tea_ttt448_Control,1,16,2,1,3,1,1,1,1,7,4,8,7,8,6
Tra_ttt411_DN,1,15,2,2,4,3,1,3,1,4,13,13,4,6,4
Tea_ttt449_Control,2,13,1,1,1,2,4,2,3,7,7,15,6,10,5
Tea_ttt450_Control,2,13,1,1,3,1,1,1,1,4,5,9,4,4,4
Tra_ttt412_DN,2,15,2,2,5,4,3,1,1,7,4,18,14,15,10
Tra_ttt413_DN,1,16,2,2,6,2,2,2,1,5,15,7,4,3,3
Tea_ttt451_Control,1,14,1,1,2,2,1,1,1,6,7,9,4,7,4
Tra_ttt414_DN,2,16,2,2,10,5,4,4,5,1,15,27,16,12,12
Tea_ttt452_Control,1,16,2,2,2,2,1,1,1,4,6,12,5,3,3
Tra_ttt415_DN,1,14,1,1,10,5,5,5,5,4,0,35,20,15,15
Tra_ttt416_DN,1,16,2,2,1,1,1,1,1,7,18,15,4,3,10
Tea_ttt453_Control,1,13,1,1,2,1,1,1,1,7,4,8,4,5,3
Tra_ttt417_DN,2,15,2,2,3,3,1,1,1,4,5,16,4,5,7
Tea_ttt454_Control,1,13,1,1,1,1,1,1,1,6,9,17,6,5,7
Tea_ttt455_Control,1,14,1,1,1,1,1,1,1,7,4,12,4,3,5
Tea_ttt456_Control,2,14,2,2,2,2,2,2,3,6,9,17,7,8,6
Tea_ttt457_Control,1,12,1,1,1,2,1,1,1,5,4,11,4,5,3
Tra_ttt418_DN,2,15,2,2,10,5,5,5,1,5,18,17,6,9,5
Tea_ttt458_Control,2,16,2,2,4,1,1,1,1,4,6,9,4,3,5
Tra_ttt419_DN,1,13,1,1,4,3,1,1,2,4,9,25,12,15,12
Tea_ttt459_Control,1,16,2,2,10,2,1,1,2,4,11,11,7,7,7
Tra_ttt420_DN,2,14,2,2,4,2,1,1,1,5,12,18,20,13,7
Tra_ttt421_DN,1,14,1,1,5,1,1,1,1,5,9,14,4,3,4
Tra_ttt422_DN,2,15,2,2,10,2,2,2,1,4,11,29,14,7,9
Tra_ttt423_DN,1,14,2,1,5,2,1,1,1,4,4,16,5,10,6
Tra_ttt424_DN,1,16,2,2,8,5,1,1,1,4,5,7,13,3,3
Tra_ttt425_DN,1,13,2,2,10,1,1,1,5,6,0,35,20,15,15
Tra_ttt426_DN,2,14,2,2,4,3,2,2,2,4,13,19,10,9,9
Tea_ttt460_Control,1,15,2,2,5,2,1,1,1,4,8,12,4,3,5
Tra_ttt427_DN,1,13,2,2,10,5,2,5,1,4,11,10,4,7,4
Tra_ttt428_DN,1,14,2,2,10,5,3,5,2,1,6,15,20,15,3
Tea_ttt461_Control,1,15,2,2,5,1,1,1,2,4,3,10,4,13,5
Tra_ttt429_DN,2,17,2,2,10,1,2,1,1,4,17,16,6,11,8
Tra_ttt430_DN,2,16,2,2,8,5,5,5,1,4,19,28,16,14,11
Tea_ttt462_Control,2,16,2,2,5,2,3,1,1,5,7,17,6,6,7
Tea_ttt463_Control,2,16,2,2,10,1,1,1,1,6,5,12,4,8,3
Tea_ttt464_Control,1,12,1,1,4,1,1,1,1,5,8,11,6,13,7
Tra_ttt431_DN,2,14,1,2,2,3,3,2,2,5,9,16,9,7,7
Tra_ttt432_DN,2,16,2,2,5,2,1,2,1,5,12,19,5,4,3
Tea_ttt465_Control,1,15,2,2,2,1,1,1,1,5,4,9,6,6,3
Tea_ttt466_Control,2,13,2,2,4,1,1,1,1,4,8,9,4,14,3
Tea_ttt467_Control,1,14,1,2,1,2,1,1,1,4,5,8,4,6,3
Tra_ttt433_DN,1,13,1,1,10,2,2,2,5,3,27,35,20,15,15
Tra_ttt434_DN,2,16,2,2,2,5,1,2,1,5,4,20,11,5,14
Tea_ttt468_Control,2,13,1,1,4,1,1,1,1,6,3,11,4,4,5
Tra_ttt435_DN,2,16,2,2,5,4,5,3,1,4,23,27,16,15,11
Tea_ttt469_Control,2,16,2,2,2,2,1,1,1,6,5,10,5,5,5
Tra_ttt436_DN,2,16,2,2,10,5,5,2,2,1,17,26,20,15,11
Tra_ttt437_DN,2,16,2,1,3,5,2,1,1,6,4,10,8,6,4
Tea_ttt470_Control,2,16,2,2,5,1,1,1,1,5,6,16,4,7,5
Tea_ttt471_Control,2,14,1,1,2,4,2,1,1,6,7,12,8,15,5
Tra_ttt438_DN,2,16,2,2,10,2,1,1,2,5,9,18,9,10,7
Tea_ttt472_Control,2,13,2,2,1,1,1,1,1,7,5,10,4,4,5
Tra_ttt439_DN,2,16,2,2,4,4,1,4,1,5,9,26,10,9,11
Tra_ttt440_DN,2,14,2,2,8,5,2,2,2,4,9,17,15,14,9
Tea_ttt473_Control,1,13,2,2,5,1,1,1,1,7,8,22,6,3,3
Tea_ttt474_Control,1,15,1,2,2,1,1,1,1,7,5,10,4,7,4
Tea_ttt475_Control,2,14,1,1,1,2,1,1,1,7,4,8,8,3,4
Tea_ttt476_Control,1,16,2,2,1,2,2,1,1,6,8,7,7,4,3
Tra_ttt441_DN,2,14,1,1,3,3,4,2,4,6,13,14,6,12,4
Tea_ttt477_Control,2,14,2,1,3,1,1,1,1,6,2,7,5,4,3
Tea_ttt478_Control,2,15,2,2,5,1,1,1,1,6,5,12,4,6,6
Tra_ttt442_DN,2,16,2,2,5,3,1,2,1,4,19,17,7,5,6
Tra_ttt443_DN,2,15,2,2,10,5,2,5,1,4,18,11,20,7,3
Tra_ttt444_DN,1,16,2,2,10,5,5,5,2,4,17,24,20,15,6
Tea_ttt479_Control,2,12,1,1,1,1,1,1,1,6,3,15,4,3,6
Tra_ttt445_DN,1,16,2,2,6,1,1,1,3,4,0,10,4,6,4
Tea_ttt480_Control,1,15,2,2,2,1,1,1,1,7,7,7,4,3,3
Tea_ttt481_Control,1,15,2,2,2,2,1,1,1,4,7,7,4,3,3
Tea_ttt482_Control,2,13,1,1,1,2,2,1,1,5,7,11,4,3,6
Tea_ttt483_Control,1,16,2,1,3,1,1,1,1,4,3,7,5,6,6
Tra_ttt446_DN,2,15,2,1,5,5,2,1,1,4,8,13,4,15,5
Tra_ttt447_DN,1,14,1,1,1,2,2,2,1,6,9,15,6,10,5
Tra_ttt448_DN,1,16,2,1,1,2,2,2,1,4,9,16,7,6,6
Tra_ttt449_DN,1,16,2,1,3,2,1,1,1,4,7,17,6,5,6
Tra_ttt450_DN,1,15,2,2,4,5,2,2,3,4,5,21,7,8,6
Tea_ttt484_Control,2,16,2,2,3,3,1,2,1,4,5,13,10,11,8
Tea_ttt485_Control,1,13,1,1,1,1,1,1,1,6,2,8,4,6,4
Tra_ttt451_DN,1,14,1,1,10,3,2,1,1,4,6,16,9,14,15
Tea_ttt486_Control,1,13,1,2,2,1,1,1,1,5,10,10,4,5,5
Tra_ttt452_DN,1,14,1,1,9,3,2,2,3,6,10,15,8,12,10
Tra_ttt453_DN,1,16,2,2,4,2,3,1,1,4,16,24,9,6,8
Tea_ttt487_Control,2,13,1,1,1,1,1,1,1,5,2,10,5,3,5
Tea_ttt488_Control,1,13,1,1,2,2,1,1,1,6,3,11,7,6,3
Tra_ttt454_DN,1,14,1,1,2,2,1,1,3,5,23,18,13,10,10
Tra_ttt455_DN,1,15,2,2,5,3,2,1,1,5,8,21,6,15,11
Tea_ttt489_Control,2,13,2,2,2,1,1,1,1,6,4,7,4,3,4
Tea_ttt490_Control,1,13,1,1,1,1,2,1,1,7,10,11,4,3,3
Tea_ttt491_Control,2,15,2,2,4,1,1,1,1,6,1,11,8,9,3
Tra_ttt456_DN,1,15,2,1,6,1,1,1,1,5,9,12,4,3,5
Tra_ttt457_DN,1,14,2,2,5,2,1,1,3,5,2,20,15,15,9
Tra_ttt458_DN,1,16,2,2,4,5,1,1,1,5,25,24,20,11,13
Tra_ttt459_DN,2,16,2,2,8,3,2,1,1,4,12,15,6,9,6
Tra_ttt460_DN,1,16,2,2,4,2,2,2,3,4,13,16,5,4,4
Tea_ttt492_Control,2,15,2,2,5,2,1,2,1,4,9,12,4,6,3
Tra_ttt461_DN,2,14,2,2,10,4,2,4,1,4,12,16,13,14,6
Tra_ttt462_DN,2,13,1,1,0,2,2,1,1,5,10,18,8,10,10
Tra_ttt463_DN,2,15,2,2,6,5,2,2,1,4,16,15,10,12,9
Tea_ttt493_Control,2,15,2,2,2,1,1,1,1,6,1,7,4,3,3
Tea_ttt494_Control,1,13,2,2,1,2,1,1,1,5,4,13,4,5,6
Tea_ttt495_Control,2,16,2,2,4,2,1,1,1,5,9,15,4,5,8
Tra_ttt464_DN,2,16,2,2,10,5,1,1,1,4,6,24,20,15,11
Tra_ttt465_DN,2,13,1,1,6,1,1,1,1,4,10,17,20,7,8
Tra_ttt466_DN,2,16,2,2,3,2,1,2,1,4,4,11,9,9,3
Tea_ttt496_Control,2,16,2,2,2,2,2,1,1,4,4,7,4,3,3
Tea_ttt497_Control,1,14,1,1,1,1,1,1,1,5,4,8,4,5,3
Tea_ttt498_Control,2,15,2,2,4,1,2,2,1,5,4,15,7,6,3
Tra_ttt467_DN,1,16,2,2,10,1,1,1,1,4,15,21,7,11,7
Tea_ttt499_Control,2,14,1,2,1,1,1,1,1,4,3,9,4,4,3
Tea_ttt500_Control,1,17,2,2,1,1,1,1,1,6,6,7,4,4,3
Tra_ttt468_DN,1,15,2,2,4,4,4,1,1,5,8,15,12,7,6
Tra_ttt469_DN,2,13,1,1,2,1,3,1,1,6,6,7,4,3,3
Tea_ttt501_Control,1,13,2,2,3,1,1,1,1,3,0,14,5,6,4
Tea_ttt502_Control,1,13,1,2,1,1,1,1,1,4,8,14,7,4,5
Tea_ttt503_Control,2,16,2,2,4,2,1,1,1,7,6,11,4,7,3
Tea_ttt504_Control,2,16,2,2,3,2,3,1,1,6,3,9,6,4,3
Tra_ttt470_DN,1,15,2,1,5,2,2,1,1,5,7,19,7,12,9
Tra_ttt471_DN,2,16,2,2,6,2,5,2,2,4,9,18,14,15,9
Tea_ttt505_Control,2,16,2,2,6,1,2,1,1,4,6,11,11,3,3
Tea_ttt506_Control,2,16,2,2,5,3,2,1,1,5,2,10,6,7,3
Tea_ttt507_Control,1,13,2,2,7,2,1,1,1,7,2,14,12,8,7
Tra_ttt472_DN,2,16,2,2,7,2,2,1,1,4,13,20,4,5,11
Tra_ttt473_DN,2,16,2,2,2,2,2,1,1,4,12,14,12,7,5
Tra_ttt474_DN,2,16,2,2,10,5,5,5,1,4,11,13,4,5,5
Tra_ttt475_DN,2,15,2,2,5,3,2,2,2,5,17,23,9,6,10
Tea_ttt508_Control,1,15,2,2,3,2,1,1,4,7,2,13,4,4,3
Tra_ttt476_DN,1,16,2,2,4,5,4,5,1,3,12,19,6,10,12
Tea_ttt509_Control,1,15,1,2,1,3,1,1,1,7,4,7,4,3,3
Tea_ttt510_Control,1,13,1,1,10,1,1,1,1,7,0,7,4,3,3
Tra_ttt477_DN,1,16,2,1,10,3,3,2,1,6,17,24,9,9,12
Tea_ttt511_Control,1,15,2,2,10,2,1,1,5,5,9,18,7,7,6
Tea_ttt512_Control,2,13,1,1,1,2,1,1,1,5,5,7,4,3,3
Tea_ttt513_Control,1,13,1,1,1,1,1,1,1,6,4,17,4,6,9
Tea_ttt514_Control,2,13,2,2,10,1,1,1,1,4,4,9,4,5,3
Tea_ttt515_Control,2,13,1,1,1,1,1,1,1,6,5,11,4,6,3
Tra_ttt478_DN,1,16,2,2,2,2,1,1,1,7,10,11,5,7,7
Tea_ttt516_Control,1,16,2,2,2,2,1,1,1,4,3,13,8,7,7
Tra_ttt479_DN,1,17,2,2,9,2,2,1,1,4,12,12,4,8,6
Tra_ttt480_DN,1,16,2,2,10,1,1,1,3,7,18,21,12,9,9
Tea_ttt517_Control,2,13,1,2,10,1,1,1,1,7,21,23,16,15,11
Tea_ttt518_Control,2,15,2,2,2,5,5,5,1,1,0,23,8,3,3
Tea_ttt519_Control,1,14,2,2,10,2,1,2,1,4,10,23,5,4,12
Tea_ttt520_Control,1,15,2,2,2,3,3,3,1,6,11,17,10,5,5
Tea_ttt521_Control,1,16,2,2,3,1,1,1,1,4,7,16,7,6,4
Tra_ttt481_DN,2,16,2,2,1,2,3,2,3,5,9,23,9,8,9
Tea_ttt522_Control,2,16,2,2,2,2,2,2,1,4,8,15,6,6,6
Tea_ttt523_Control,2,15,2,2,4,2,1,1,1,6,6,12,9,8,5
Tra_ttt482_DN,1,16,2,2,2,1,2,5,5,5,18,15,10,15,10
Tea_ttt524_Control,1,14,1,1,2,2,2,1,1,4,11,10,5,6,4
Tea_ttt525_Control,1,15,2,2,4,2,1,1,1,4,9,15,6,4,6
Tea_ttt526_Control,1,16,2,1,2,1,1,1,1,4,0,7,4,6,3
Tea_ttt527_Control,1,13,1,1,0,2,1,1,1,6,1,7,4,3,3
Tea_ttt528_Control,2,14,1,1,2,2,1,1,1,6,9,16,4,6,3
Tea_ttt529_Control,2,15,2,2,3,2,1,1,1,5,2,9,7,11,5
Tra_ttt483_DN,2,16,2,2,4,4,2,3,1,4,9,23,13,11,10
Tea_ttt530_Control,2,17,2,2,7,2,1,2,2,3,10,18,9,6,8
Tra_ttt484_DN,2,16,2,2,1,5,5,5,1,7,3,7,8,3,3
Tra_ttt485_DN,1,15,2,2,7,2,2,1,4,4,16,21,4,3,7
Tea_ttt531_Control,1,16,2,2,2,2,2,1,1,6,6,11,4,3,4
Tea_ttt532_Control,1,15,2,2,2,2,1,1,1,4,7,18,4,8,5
Tea_ttt533_Control,2,14,2,1,2,1,2,2,1,5,7,18,5,5,9
Tea_ttt534_Control,2,14,2,1,3,1,1,1,1,7,2,8,5,6,3
Tea_ttt535_Control,2,13,1,1,1,1,1,1,1,6,2,8,4,3,4
Tea_ttt536_Control,2,13,1,1,2,1,1,1,1,6,6,9,4,4,4
Tra_ttt486_DN,1,15,2,2,10,2,1,1,1,5,7,10,4,8,7
Tra_ttt487_DN,2,15,2,2,4,5,4,4,1,3,3,21,19,15,6
Tea_ttt537_Control,1,14,1,1,10,1,1,1,1,5,6,7,4,3,3
Tea_ttt538_Control,2,14,1,1,1,1,1,1,1,6,6,9,5,5,3
Tra_ttt488_DN,1,16,2,2,10,1,1,3,1,5,14,28,16,5,5
Tra_ttt489_DN,2,15,2,2,6,3,3,3,1,5,22,14,12,7,8
Tea_ttt539_Control,1,13,2,2,1,1,1,1,2,6,1,8,4,5,3
Tra_ttt490_DN,2,15,2,2,7,4,1,1,2,5,20,25,20,9,13
Tea_ttt540_Control,2,15,2,2,3,1,1,1,1,4,0,7,4,5,3
Tra_ttt491_DN,2,15,2,2,3,2,1,2,1,5,6,19,9,15,8
Tea_ttt541_Control,2,16,2,2,5,2,1,1,1,6,3,10,5,8,3
Tra_ttt492_DN,1,17,2,2,5,2,1,1,2,4,9,10,5,5,4
Tea_ttt542_Control,2,16,2,2,5,2,1,1,1,5,6,14,4,6,5
Tra_ttt493_DN,2,16,2,2,5,2,1,1,2,5,6,10,8,6,5
Tra_ttt494_DN,1,13,1,1,10,3,1,2,2,4,20,14,8,6,6
Tea_ttt543_Control,2,16,2,1,7,2,1,2,1,4,6,12,4,6,6
Tea_ttt544_Control,1,15,2,2,4,1,1,1,1,5,3,13,6,4,3
Tra_ttt495_DN,2,15,2,2,10,1,1,1,1,4,7,17,4,9,3
Tea_ttt545_Control,2,14,2,1,4,1,1,1,1,5,2,16,4,9,5
Tea_ttt546_Control,2,13,1,1,2,1,1,1,1,6,2,7,4,6,5
Tra_ttt496_DN,1,14,2,2,10,5,1,5,1,4,3,29,4,11,3
Tea_ttt547_Control,1,16,2,2,3,1,1,1,1,5,3,10,5,6,4
Tea_ttt548_Control,1,12,1,1,0,1,1,1,1,7,0,7,4,3,5
Tea_ttt549_Control,2,14,2,1,5,1,4,1,1,4,6,13,4,13,4
Tra_ttt497_DN,1,16,2,2,6,2,2,1,1,4,19,28,8,4,12
Tea_ttt550_Control,1,16,2,2,5,1,2,2,1,4,4,11,4,5,5
Tea_ttt551_Control,2,15,2,2,4,1,1,1,1,4,7,10,4,6,3
Tea_ttt552_Control,2,16,1,2,4,4,1,2,1,4,5,11,7,10,4
Tea_ttt553_Control,2,16,2,2,2,2,1,1,1,5,4,8,4,3,3
Tea_ttt554_Control,1,13,1,1,1,1,1,1,1,6,4,10,4,7,3
Tea_ttt555_Control,2,15,2,2,2,1,1,1,1,6,3,8,5,8,3
Tea_ttt556_Control,2,14,1,1,1,1,1,1,1,6,3,8,5,7,4
Tra_ttt498_DN,2,15,2,1,6,3,1,1,1,7,15,22,6,10,9
Tea_ttt557_Control,1,14,1,1,2,2,1,1,1,5,9,12,4,4,5
Tea_ttt558_Control,1,17,2,2,6,3,3,3,1,4,5,12,5,4,3
Tra_ttt499_DN,2,16,2,2,5,3,3,3,3,4,11,21,12,9,9
Tea_ttt559_Control,2,13,2,2,6,3,3,2,2,4,5,10,5,10,4
Tra_ttt500_DN,2,14,2,2,4,2,3,2,2,5,12,23,5,10,12
Tea_ttt560_Control,1,16,2,2,1,1,1,1,1,6,2,8,4,3,3
Tra_ttt501_DN,1,14,1,1,1,2,1,1,1,4,11,17,7,5,9
Tra_ttt502_DN,2,16,2,2,5,2,1,1,1,4,7,12,4,6,5
Tea_ttt561_Control,1,13,1,1,2,1,1,1,1,7,4,7,4,3,3
Tea_ttt562_Control,2,13,1,1,7,1,2,1,1,6,7,13,4,10,7
Tea_ttt563_Control,1,13,1,1,1,1,1,1,1,7,0,7,4,3,3
Tea_ttt564_Control,2,16,2,2,10,2,1,1,2,5,5,12,5,9,4
Tea_ttt565_Control,1,14,1,1,1,1,1,1,1,7,11,7,5,3,4
Tra_ttt503_DN,1,16,2,1,2,3,1,1,1,5,4,22,8,15,5
Tea_ttt566_Control,1,15,2,2,3,1,1,1,1,5,8,13,7,7,4
Tra_ttt504_DN,1,16,2,2,8,3,1,1,1,5,10,16,9,8,5
Tra_ttt505_DN,1,16,2,2,10,2,1,1,3,6,6,17,8,8,5
Tra_ttt506_DN,1,18,2,2,10,5,1,5,1,5,8,15,12,13,13
Tea_ttt567_Control,2,15,2,2,1,2,1,1,1,5,2,12,4,7,7
Tea_ttt568_Control,1,14,1,1,1,1,1,1,1,4,0,7,4,3,3
Tra_ttt507_DN,2,14,1,1,6,5,2,5,5,4,9,28,14,11,15
Tea_ttt569_Control,1,13,1,1,3,2,1,1,1,6,7,14,6,12,9
Tra_ttt508_DN,1,17,2,2,10,3,4,1,2,3,8,22,5,15,5
Tra_ttt509_DN,2,16,2,2,5,2,1,1,1,5,4,13,5,7,5
Tra_ttt510_DN,2,15,2,2,6,3,2,1,1,4,12,14,4,3,8
Tea_ttt570_Control,1,15,2,2,3,2,1,1,1,7,8,17,8,9,11
Tra_ttt511_DN,2,15,2,2,3,1,1,1,1,4,14,19,8,3,5
Tra_ttt512_DN,1,15,2,2,1,5,5,5,2,4,19,15,4,6,6
Tra_ttt513_DN,2,15,2,2,8,4,2,1,1,5,18,30,14,10,15
Tra_ttt514_DN,1,16,2,2,10,2,1,2,1,5,8,9,4,6,6
Tea_ttt571_Control,1,14,2,2,9,2,3,1,2,5,6,13,4,11,7
Tea_ttt572_Control,2,14,1,1,2,1,1,1,1,6,7,12,4,3,5
Tea_ttt573_Control,2,16,2,2,4,1,1,1,1,4,4,16,6,5,5
Tea_ttt574_Control,1,13,2,2,10,1,1,1,1,6,11,7,4,3,3
Tra_ttt515_DN,2,16,2,1,1,2,1,4,1,6,17,9,7,9,3
Tra_ttt516_DN,2,14,2,2,8,3,2,2,1,4,6,15,8,8,3
Tea_ttt575_Control,2,13,1,1,1,2,1,1,1,6,4,9,4,5,4
Tra_ttt517_DN,2,16,2,2,3,2,2,1,1,5,8,21,7,9,6
Tea_ttt576_Control,1,13,1,1,10,1,1,1,1,6,11,16,5,4,8
Tra_ttt518_DN,1,15,2,2,1,2,1,1,1,5,9,12,7,12,3
Tea_ttt577_Control,1,15,2,1,10,2,1,1,1,5,7,11,4,9,8
Tra_ttt519_DN,2,13,1,1,1,4,2,1,3,5,9,13,7,7,6
Tra_ttt520_DN,2,16,2,2,10,5,2,2,1,4,24,23,16,12,15
Tea_ttt578_Control,1,17,2,2,10,1,1,1,1,6,4,14,4,3,4
Tea_ttt579_Control,1,12,1,1,3,1,1,1,1,6,0,7,4,3,3
Tra_ttt521_DN,1,16,2,2,10,5,5,1,1,5,12,19,12,11,12
Tea_ttt580_Control,1,13,1,1,3,2,1,1,1,4,11,14,7,4,6
Tea_ttt581_Control,2,13,1,2,1,2,1,1,1,5,3,10,4,3,3
Tea_ttt582_Control,2,13,2,2,5,1,1,1,1,6,1,7,4,4,3
Tra_ttt522_DN,2,16,2,2,3,2,1,1,1,4,6,11,6,12,5
Tea_ttt583_Control,2,16,2,2,6,3,2,1,2,5,10,27,16,12,10
Tra_ttt523_DN,2,13,1,1,1,2,1,1,1,4,8,24,16,15,10
Tra_ttt524_DN,1,16,2,1,4,2,1,3,1,3,10,14,6,12,5
Tra_ttt525_DN,2,15,2,1,10,5,5,5,1,5,9,10,4,10,5
Tea_ttt584_Control,1,13,1,1,3,2,2,1,1,5,7,11,5,13,5
Tea_ttt585_Control,2,13,1,1,0,1,1,1,1,7,0,7,4,3,3
Tea_ttt586_Control,2,14,2,2,4,2,1,1,1,6,4,7,4,4,3
Tea_ttt587_Control,1,14,2,2,1,1,1,1,1,4,3,13,5,5,4
Tea_ttt588_Control,1,14,1,1,1,2,1,1,2,5,7,8,4,3,3
Tea_ttt589_Control,2,16,2,2,4,2,1,1,1,7,7,11,4,8,5
Tra_ttt526_DN,2,14,1,1,1,2,1,1,1,6,10,20,10,12,7
Tea_ttt590_Control,1,14,1,1,2,1,1,1,1,7,0,7,4,3,3
Tea_ttt591_Control,1,15,2,2,9,2,1,1,1,5,7,19,12,11,8
Tra_ttt527_DN,2,16,2,2,9,3,1,2,1,4,10,16,8,4,10
Tea_ttt592_Control,1,13,2,1,2,1,1,1,2,6,6,14,4,11,5
Tea_ttt593_Control,1,15,2,2,4,1,1,1,1,6,1,7,4,5,4
Tra_ttt528_DN,2,16,2,2,7,5,5,5,2,7,22,27,8,7,15
Tea_ttt594_Control,2,16,2,2,5,3,3,2,1,6,5,11,5,8,8
Tra_ttt529_DN,2,16,2,1,6,5,5,5,2,3,21,24,16,7,15
Tea_ttt595_Control,1,16,2,2,5,1,1,1,1,4,7,14,4,5,5
Tra_ttt530_DN,1,17,2,2,6,2,2,3,2,4,8,12,11,4,7
Tra_ttt531_DN,2,16,2,2,5,2,1,1,1,4,17,14,7,6,6
Tea_ttt596_Control,2,16,2,2,3,1,1,1,1,7,2,8,4,6,3
Tea_ttt597_Control,1,14,1,1,4,1,1,1,1,6,0,7,5,5,4
Tra_ttt532_DN,2,15,2,2,3,3,2,1,1,4,11,11,4,10,4
Tra_ttt533_DN,2,16,2,2,5,2,1,2,1,4,11,13,9,9,4
Tea_ttt598_Control,2,13,2,2,1,1,1,1,1,7,2,7,4,3,3
Tea_ttt599_Control,1,13,1,1,2,1,1,1,1,4,0,7,4,3,3
Tra_ttt534_DN,1,15,2,2,6,5,1,1,1,5,7,12,4,3,8
Tra_ttt535_DN,2,16,2,2,10,3,4,2,1,4,6,8,4,6,5
Tra_ttt536_DN,2,15,1,2,1,5,5,1,1,6,21,23,12,7,11
Tea_ttt600_Control,2,16,2,2,5,1,1,1,1,4,4,7,4,4,3
Tea_ttt601_Control,2,13,2,2,2,2,2,1,1,5,5,13,6,6,6
Tea_ttt602_Control,1,15,2,2,3,1,1,1,1,5,3,11,4,3,4
Tra_ttt537_DN,1,13,1,1,1,5,5,5,1,4,0,7,4,3,3
Tra_ttt538_DN,2,15,2,2,4,3,1,2,1,5,9,17,7,6,7
Tra_ttt539_DN,1,16,2,2,3,2,2,1,1,5,11,13,4,7,5
Tra_ttt540_DN,2,15,2,2,10,2,1,1,1,4,15,13,8,6,6
Tra_ttt541_DN,2,16,2,2,7,2,1,1,1,5,15,25,4,7,12
Tra_ttt542_DN,2,16,2,2,10,3,2,1,1,4,12,19,9,5,10
Tra_ttt543_DN,2,15,2,2,3,4,2,2,1,4,12,22,7,8,8
Tea_ttt603_Control,2,16,2,2,5,2,1,1,1,6,6,8,5,3,3
Tra_ttt544_DN,1,16,2,2,7,1,1,1,1,5,4,14,6,4,7
Tea_ttt604_Control,1,14,2,2,5,1,1,1,1,5,8,9,6,8,3
Tra_ttt545_DN,1,16,2,2,10,2,1,2,1,4,3,10,4,3,3
Tra_ttt546_DN,2,16,2,2,3,4,5,3,1,4,18,22,8,12,10
Tea_ttt605_Control,2,15,2,2,2,3,3,1,1,7,1,9,5,4,3
Tra_ttt547_DN,1,16,2,2,8,2,1,5,1,5,7,26,12,13,9
Tea_ttt606_Control,2,16,2,2,4,2,1,1,1,7,10,10,5,6,4
Tea_ttt607_Control,2,15,2,2,5,5,4,2,2,4,12,19,10,6,10
Tra_ttt548_DN,1,18,2,2,10,1,1,1,1,4,11,21,8,6,9
Tea_ttt608_Control,1,13,1,1,1,1,1,1,1,6,5,12,8,11,5
Tea_ttt609_Control,2,16,2,2,3,1,1,1,1,5,1,7,5,3,3
Tra_ttt549_DN,1,14,2,1,10,2,1,1,1,4,6,10,7,14,6
Tea_ttt610_Control,2,14,1,1,4,1,1,1,1,6,3,10,4,10,7
Tra_ttt550_DN,1,15,2,1,10,1,1,1,3,4,13,20,11,12,15
Tea_ttt611_Control,1,16,2,2,10,1,2,1,1,4,2,12,4,8,3
Tea_ttt612_Control,1,14,1,1,1,1,1,1,1,4,0,14,7,12,3
Tea_ttt613_Control,1,13,2,2,3,1,1,1,1,6,0,12,5,11,3
Tea_ttt614_Control,2,14,1,1,2,2,1,1,1,6,0,8,4,6,5
Tea_ttt615_Control,1,13,1,1,1,1,1,1,1,5,5,12,4,5,5
Tea_ttt616_Control,2,14,1,1,2,4,1,2,2,3,8,15,14,13,3
Tea_ttt617_Control,1,12,1,1,2,1,1,1,1,7,8,10,4,13,3
Tra_ttt551_DN,2,16,2,2,4,3,2,2,1,4,17,11,4,5,4
Tea_ttt618_Control,2,15,2,2,4,1,1,1,1,6,7,13,4,3,3
Tea_ttt619_Control,1,16,2,2,6,1,1,1,1,4,8,14,5,7,3
Tea_ttt620_Control,1,16,2,2,2,3,2,1,1,5,5,12,5,7,7
Tea_ttt621_Control,2,13,2,2,2,1,1,1,1,5,0,8,4,3,3
Tra_ttt552_DN,2,16,2,2,4,3,2,2,1,5,7,10,5,6,3
Tra_ttt553_DN,2,15,2,2,5,1,1,1,1,5,6,8,4,3,3
Tea_ttt622_Control,2,14,1,1,1,1,1,1,1,5,2,8,4,3,5
Tra_ttt554_DN,1,16,2,2,10,2,2,1,2,5,8,21,11,12,7
Tra_ttt555_DN,2,17,2,2,10,2,2,2,1,5,11,10,8,8,7
Tra_ttt556_DN,2,14,2,2,6,3,1,1,2,5,7,12,17,15,5
Tra_ttt557_DN,2,15,2,2,5,3,1,2,1,5,0,14,19,10,6
Tra_ttt558_DN,1,15,2,2,4,4,3,4,1,5,8,15,9,8,8
Tra_ttt559_DN,2,16,2,2,6,3,1,1,2,6,7,16,14,15,3
Tra_ttt560_DN,2,15,2,2,6,3,4,1,3,4,13,13,13,15,8
Tra_ttt561_DN,1,12,1,1,1,5,5,5,3,4,11,35,14,9,9
Tra_ttt562_DN,1,16,2,2,8,3,1,3,1,5,8,26,16,12,12
Tra_ttt563_DN,1,14,1,1,7,1,1,1,1,4,4,8,7,8,3
Tea_ttt623_Control,1,13,1,1,1,1,1,1,1,6,4,8,4,6,3
Tra_ttt564_DN,1,13,2,2,10,1,2,1,1,5,15,20,8,8,10
Tea_ttt624_Control,1,13,1,1,6,2,1,1,1,6,7,19,10,6,7
Tea_ttt625_Control,2,15,2,2,4,2,1,1,1,4,5,26,16,8,6
Tra_ttt565_DN,1,15,2,2,10,1,1,1,1,3,15,31,6,15,11
Tra_ttt566_DN,1,14,2,1,4,3,3,2,2,4,11,18,13,15,10
Tea_ttt626_Control,2,15,2,2,10,2,1,1,1,7,3,13,4,7,6
Tra_ttt567_DN,1,15,2,2,10,5,5,5,5,4,19,27,20,15,7
Tea_ttt627_Control,2,13,1,1,1,1,1,1,1,6,4,7,4,6,3
Tea_ttt628_Control,2,16,2,2,6,3,2,1,1,4,9,13,7,5,6
Tea_ttt629_Control,1,16,2,2,8,1,1,1,1,4,6,21,5,5,12
Tea_ttt630_Control,1,14,1,1,1,1,1,1,1,4,9,9,4,3,3
Tra_ttt568_DN,2,16,2,2,6,4,2,1,1,4,7,11,5,4,5
Tea_ttt631_Control,1,16,2,2,4,2,1,1,1,4,6,14,5,3,6
Tea_ttt632_Control,2,16,2,2,1,2,2,2,1,5,12,12,4,7,7
Tea_ttt633_Control,1,14,1,1,1,1,1,1,1,6,6,12,4,5,5
Tea_ttt634_Control,1,14,2,2,5,2,1,1,1,4,5,20,6,6,8
Tea_ttt635_Control,1,12,1,1,2,1,1,1,1,5,1,7,4,3,3
Tea_ttt636_Control,2,15,2,2,4,2,1,1,1,6,10,15,4,6,6
Tra_ttt569_DN,1,13,1,2,3,3,2,2,3,5,10,17,11,7,8
Tra_ttt570_DN,2,16,2,1,10,4,1,2,1,5,4,13,6,9,4
Tra_ttt571_DN,1,16,2,2,10,1,2,1,1,4,4,16,4,3,11
Tra_ttt572_DN,2,14,1,1,2,2,1,1,1,4,8,26,16,8,12
Tea_ttt637_Control,1,14,1,1,1,1,1,1,1,5,3,7,5,10,3
Tea_ttt638_Control,2,16,2,2,2,2,1,1,1,5,6,10,6,5,4
Tra_ttt573_DN,2,16,2,2,5,4,3,2,1,5,9,14,10,9,6
Tra_ttt574_DN,2,14,1,1,3,2,3,1,1,4,6,19,6,12,6
Tra_ttt575_DN,1,16,2,2,1,2,3,2,1,5,27,24,11,11,7
Tea_ttt639_Control,2,13,1,1,1,1,1,1,1,7,1,8,4,5,3
Tea_ttt640_Control,1,15,2,2,5,2,2,1,1,5,6,15,4,6,4
Tea_ttt641_Control,1,15,2,2,1,2,1,1,1,7,5,13,4,4,6
Tea_ttt642_Control,1,13,2,1,1,2,1,1,1,5,6,12,12,15,7
Tra_ttt576_DN,2,14,2,2,1,3,2,2,2,5,9,17,9,8,7
Tea_ttt643_Control,2,13,1,1,2,2,1,1,1,6,6,9,4,4,3
Tea_ttt644_Control,1,14,2,2,10,1,1,1,2,5,3,10,4,5,3
Tea_ttt645_Control,1,14,1,1,4,1,1,1,2,5,1,14,5,9,6
Tea_ttt646_Control,1,16,2,2,3,2,1,1,1,6,1,12,5,3,3
Tea_ttt647_Control,2,16,2,2,5,2,2,1,1,4,6,11,19,13,6
Tea_ttt648_Control,1,14,1,1,0,1,1,1,1,7,4,11,4,6,10
Tea_ttt649_Control,1,13,2,2,8,1,1,1,1,4,7,11,4,4,5
Tea_ttt650_Control,1,13,1,1,0,1,1,1,1,6,3,8,5,5,5
Tra_ttt577_DN,1,16,2,2,2,2,2,2,2,5,13,14,8,6,6
Tea_ttt651_Control,1,14,1,1,1,1,1,1,1,7,3,8,4,3,3
Tea_ttt652_Control,2,14,2,2,10,1,1,1,1,7,14,12,20,7,3
Tra_ttt578_DN,1,15,2,2,10,5,5,5,5,7,27,35,20,15,15
Tra_ttt579_DN,1,15,2,2,1,1,1,1,1,6,9,7,4,3,3
Tea_ttt653_Control,2,14,1,1,2,1,1,1,1,7,6,8,4,3,3
Tea_ttt654_Control,1,16,2,1,5,1,1,1,1,5,5,12,4,4,4
Tra_ttt580_DN,2,15,2,2,1,2,1,1,1,4,9,15,8,12,4
Tea_ttt655_Control,2,13,2,2,1,2,1,1,1,6,3,9,6,5,4
Tea_ttt656_Control,1,12,1,1,3,1,1,1,1,5,1,9,4,3,3
Tra_ttt581_DN,1,15,2,2,8,2,1,2,1,5,5,18,4,4,7
Tea_ttt657_Control,2,13,1,1,2,3,2,1,1,6,5,18,5,11,8
Tra_ttt582_DN,2,14,1,1,10,3,2,2,1,4,11,22,10,12,9
Tea_ttt658_Control,2,14,1,1,2,2,1,1,1,7,3,12,5,5,6
Tra_ttt583_DN,1,15,2,2,10,5,5,5,5,1,27,29,20,15,15
Tea_ttt659_Control,1,13,1,1,1,1,1,1,1,6,2,13,4,6,4
Tea_ttt660_Control,2,14,1,1,1,2,4,1,1,7,7,8,4,3,4
Tea_ttt661_Control,1,14,1,1,1,1,1,1,1,5,5,18,6,7,3
Tra_ttt584_DN,2,14,2,2,10,5,2,2,1,4,12,27,20,15,12
Tea_ttt662_Control,2,14,1,1,4,3,2,1,1,5,10,19,7,11,5
Tea_ttt663_Control,1,13,1,1,2,1,1,1,1,6,5,9,4,3,3
Tea_ttt664_Control,1,16,2,2,10,2,1,2,1,5,13,16,5,8,6
Tra_ttt585_DN,1,16,2,2,5,2,1,2,1,4,11,22,13,12,10
Tea_ttt665_Control,1,13,1,1,1,2,1,3,2,6,7,15,8,6,7
Tea_ttt666_Control,1,13,1,1,2,1,1,1,1,6,8,20,7,6,6
Tra_ttt586_DN,1,16,2,2,5,2,1,1,1,6,10,14,5,7,6
Tea_ttt667_Control,1,12,1,1,1,1,1,1,1,5,2,7,4,3,3
Tra_ttt587_DN,2,15,2,2,4,2,1,1,1,4,2,12,6,5,9
Tra_ttt588_DN,1,16,2,1,5,5,2,1,1,4,8,25,12,12,9
Tea_ttt668_Control,2,14,1,1,1,2,1,2,1,6,3,8,5,15,3
Tea_ttt669_Control,2,15,2,2,2,2,1,1,1,5,6,7,8,3,6
Tra_ttt589_DN,1,15,2,1,2,2,1,1,2,7,10,13,7,10,5
Tea_ttt670_Control,1,12,1,1,4,3,3,1,1,5,0,10,7,4,3
Tra_ttt590_DN,2,14,2,2,2,1,1,1,1,4,15,19,10,9,5
Tra_ttt591_DN,2,15,2,2,8,3,3,1,1,5,5,17,14,12,3
Tea_ttt671_Control,2,13,1,1,2,1,1,1,1,6,3,8,4,3,3
Tea_ttt672_Control,1,13,1,1,1,1,1,1,1,5,2,7,4,4,3
Tea_ttt673_Control,1,14,1,1,0,4,1,2,1,6,0,16,13,12,8
Tra_ttt592_DN,2,16,2,1,6,3,1,1,1,6,14,20,9,11,7
Tra_ttt593_DN,2,15,2,2,4,3,5,2,1,6,12,25,4,8,14
Tea_ttt674_Control,1,16,2,2,4,5,5,5,1,7,13,11,10,6,4
Tra_ttt594_DN,1,15,2,2,10,1,1,1,1,4,14,18,6,11,5
Tea_ttt675_Control,1,15,2,2,6,1,1,1,1,4,4,8,4,7,3
Tra_ttt595_DN,2,16,2,2,2,1,1,1,4,5,13,14,4,7,3
Tra_ttt596_DN,2,15,2,2,6,2,1,1,1,6,7,8,4,3,3
Tra_ttt597_DN,1,16,2,1,8,1,3,2,1,6,11,26,4,15,13
Tea_ttt676_Control,2,14,1,2,1,2,2,1,1,4,7,7,5,6,4
Tra_ttt598_DN,2,16,2,2,3,2,1,1,1,4,11,10,4,6,8
Tea_ttt677_Control,2,13,1,1,3,1,2,1,1,7,2,16,4,3,3
Tra_ttt599_DN,1,16,2,2,4,1,1,1,1,4,4,23,9,15,9
Tra_ttt600_DN,1,16,2,1,3,2,1,2,1,4,8,16,13,7,6
Tra_ttt601_DN,1,13,1,1,8,1,1,1,1,6,10,19,7,9,4
Tra_ttt602_DN,2,13,2,2,4,5,2,1,1,4,6,26,10,15,13
Tea_ttt678_Control,1,13,1,1,1,1,1,1,1,4,7,10,5,6,5
Tea_ttt679_Control,2,12,1,1,3,1,1,1,1,4,4,14,5,10,6
Tra_ttt603_DN,2,16,2,1,9,4,2,2,1,5,3,14,9,12,4
Tea_ttt680_Control,2,12,1,1,1,2,2,1,1,4,1,7,4,6,4
Tea_ttt681_Control,2,14,1,1,1,1,1,1,1,5,4,8,4,5,3
Tra_ttt604_DN,1,15,2,2,1,5,5,5,1,1,27,11,4,3,3
Tea_ttt682_Control,1,15,2,2,5,1,1,1,1,6,3,14,4,11,5
Tea_ttt683_Control,2,16,2,2,5,2,3,1,4,6,3,9,4,6,3
Tra_ttt605_DN,2,17,1,1,4,2,2,2,5,4,5,20,11,10,7
Tea_ttt684_Control,1,13,1,1,5,1,1,1,1,5,11,19,4,7,6
Tea_ttt685_Control,1,13,1,1,5,1,2,1,1,4,12,10,6,5,4
Tra_ttt606_DN,1,16,2,2,5,1,1,1,1,5,7,18,12,9,6
Tra_ttt607_DN,2,14,1,1,2,5,4,2,1,5,9,19,10,13,6
Tea_ttt686_Control,2,13,2,2,3,1,1,1,1,5,5,11,11,6,9
Tra_ttt608_DN,2,14,2,2,10,5,2,1,2,4,18,21,14,15,8
Tra_ttt609_DN,1,16,2,2,4,1,1,1,1,4,12,14,5,4,7
Tra_ttt610_DN,1,15,2,2,10,2,1,1,1,4,10,27,20,15,9
Tea_ttt687_Control,1,16,2,2,10,2,1,3,1,4,11,12,7,11,6
Tra_ttt611_DN,1,14,1,1,3,3,1,2,4,6,15,26,11,12,11
Tra_ttt612_DN,1,16,2,2,5,2,1,1,1,4,3,18,11,12,6
Tea_ttt688_Control,2,13,1,1,2,2,1,1,1,7,6,17,5,6,3
Tra_ttt613_DN,1,15,2,2,6,2,2,2,1,5,10,29,14,15,10
Tea_ttt689_Control,2,15,2,2,8,1,1,1,1,5,1,11,4,3,4
Tra_ttt614_DN,2,14,1,1,1,2,1,1,1,5,6,13,7,9,5
Tea_ttt690_Control,2,14,2,2,2,2,2,1,1,5,7,8,4,3,3
Tea_ttt691_Control,1,13,1,1,1,1,1,1,3,6,4,12,5,12,6
Tra_ttt615_DN,2,15,2,2,5,2,1,2,1,4,11,19,9,8,10
Tea_ttt692_Control,2,16,2,2,5,1,1,1,1,5,3,9,4,4,4
Tra_ttt616_DN,2,16,2,2,10,4,1,5,1,4,16,24,17,7,6
Tea_ttt693_Control,1,15,2,2,7,1,1,1,2,5,12,14,6,6,3
Tra_ttt617_DN,1,16,2,2,2,3,3,3,2,4,9,9,11,9,3
Tea_ttt694_Control,2,13,1,1,0,1,1,1,1,6,3,7,5,3,3
Tea_ttt695_Control,1,15,2,2,4,2,1,1,1,5,3,13,5,6,5
Tea_ttt696_Control,1,13,1,1,3,1,1,1,1,6,5,12,4,8,4
Tra_ttt618_DN,2,15,2,1,10,1,1,1,1,7,10,14,12,7,5
Tea_ttt697_Control,1,14,1,1,2,3,1,1,1,4,9,17,4,8,7
Tea_ttt698_Control,2,15,2,2,3,2,1,1,1,5,15,11,4,15,7
Tea_ttt699_Control,1,14,1,1,4,2,4,1,1,5,9,17,6,10,4
Tea_ttt700_Control,2,16,2,2,6,2,1,1,1,5,5,14,5,8,5
Tra_ttt619_DN,2,16,2,2,2,2,1,1,1,5,2,7,5,4,5
Tea_ttt701_Control,2,14,1,1,0,1,1,1,1,6,5,12,10,6,5
Tra_ttt620_DN,2,14,1,1,8,3,4,2,2,5,10,19,11,12,8
Tea_ttt702_Control,2,13,1,1,2,2,1,1,1,6,7,9,7,6,4
Tea_ttt703_Control,1,16,2,1,8,2,1,1,1,5,4,13,6,3,3
Tra_ttt621_DN,2,16,2,2,4,2,1,1,2,4,3,12,13,6,4
Tra_ttt622_DN,2,15,2,2,7,3,2,2,2,4,13,22,8,5,10
Tra_ttt623_DN,2,15,2,2,10,4,2,5,1,4,10,16,13,14,8
Tra_ttt624_DN,2,13,1,1,6,4,1,1,1,3,7,24,7,12,11
Tea_ttt704_Control,1,14,1,1,1,1,1,1,1,6,1,8,4,4,3
Tea_ttt705_Control,2,13,2,2,3,2,1,1,1,6,5,9,5,5,6
Tea_ttt706_Control,1,12,1,1,4,3,3,1,1,5,0,10,6,6,4
Tea_ttt707_Control,1,14,1,1,0,1,1,1,1,7,6,9,4,3,6
Tra_ttt625_DN,2,15,2,2,6,5,3,1,1,5,13,19,9,8,12
Tea_ttt708_Control,1,15,2,2,7,1,1,1,3,4,5,10,7,5,5
Tra_ttt626_DN,2,14,1,1,4,4,1,1,1,3,11,15,17,15,12
Tea_ttt709_Control,1,13,1,1,1,1,1,1,1,7,2,7,4,5,4
Tea_ttt710_Control,1,14,1,1,3,1,1,1,1,5,3,11,4,8,3
Tea_ttt711_Control,1,15,2,2,6,2,1,1,1,5,6,17,7,7,7
Tea_ttt712_Control,1,16,2,2,10,1,1,1,2,4,9,11,4,3,3
Tra_ttt627_DN,1,16,2,2,4,2,1,1,1,4,12,15,4,5,5
Tra_ttt628_DN,2,15,2,2,7,2,3,1,2,4,16,22,8,10,12
Tra_ttt629_DN,2,14,1,1,1,2,1,1,1,6,2,24,9,15,12
Tea_ttt713_Control,1,16,2,2,10,1,1,1,1,7,0,7,4,3,3
Tea_ttt714_Control,1,14,1,2,2,2,1,1,1,5,10,16,4,3,7
